"id_tiempo","fecha","anio","mes","dia","trimestre"
"1","2020-01-01","2020","1","1","1"
"2","2020-01-02","2020","1","2","1"
"3","2020-01-03","2020","1","3","1"
"4","2020-01-04","2020","1","4","1"
"5","2020-01-05","2020","1","5","1"
"6","2020-01-06","2020","1","6","1"
"7","2020-01-07","2020","1","7","1"
"8","2020-01-08","2020","1","8","1"
"9","2020-01-09","2020","1","9","1"
"10","2020-01-10","2020","1","10","1"
"11","2020-01-11","2020","1","11","1"
"12","2020-01-12","2020","1","12","1"
"13","2020-01-13","2020","1","13","1"
"14","2020-01-14","2020","1","14","1"
"15","2020-01-15","2020","1","15","1"
"16","2020-01-16","2020","1","16","1"
"17","2020-01-17","2020","1","17","1"
"18","2020-01-18","2020","1","18","1"
"19","2020-01-19","2020","1","19","1"
"20","2020-01-20","2020","1","20","1"
"21","2020-01-21","2020","1","21","1"
"22","2020-01-22","2020","1","22","1"
"23","2020-01-23","2020","1","23","1"
"24","2020-01-24","2020","1","24","1"
"25","2020-01-25","2020","1","25","1"
"26","2020-01-26","2020","1","26","1"
"27","2020-01-27","2020","1","27","1"
"28","2020-01-28","2020","1","28","1"
"29","2020-01-29","2020","1","29","1"
"30","2020-01-30","2020","1","30","1"
"31","2020-01-31","2020","1","31","1"
"32","2020-02-01","2020","2","1","1"
"33","2020-02-02","2020","2","2","1"
"34","2020-02-03","2020","2","3","1"
"35","2020-02-04","2020","2","4","1"
"36","2020-02-05","2020","2","5","1"
"37","2020-02-06","2020","2","6","1"
"38","2020-02-07","2020","2","7","1"
"39","2020-02-08","2020","2","8","1"
"40","2020-02-09","2020","2","9","1"
"41","2020-02-10","2020","2","10","1"
"42","2020-02-11","2020","2","11","1"
"43","2020-02-12","2020","2","12","1"
"44","2020-02-13","2020","2","13","1"
"45","2020-02-14","2020","2","14","1"
"46","2020-02-15","2020","2","15","1"
"47","2020-02-16","2020","2","16","1"
"48","2020-02-17","2020","2","17","1"
"49","2020-02-18","2020","2","18","1"
"50","2020-02-19","2020","2","19","1"
"51","2020-02-20","2020","2","20","1"
"52","2020-02-21","2020","2","21","1"
"53","2020-02-22","2020","2","22","1"
"54","2020-02-23","2020","2","23","1"
"55","2020-02-24","2020","2","24","1"
"56","2020-02-25","2020","2","25","1"
"57","2020-02-26","2020","2","26","1"
"58","2020-02-27","2020","2","27","1"
"59","2020-02-28","2020","2","28","1"
"60","2020-02-29","2020","2","29","1"
"61","2020-03-01","2020","3","1","1"
"62","2020-03-02","2020","3","2","1"
"63","2020-03-03","2020","3","3","1"
"64","2020-03-04","2020","3","4","1"
"65","2020-03-05","2020","3","5","1"
"66","2020-03-06","2020","3","6","1"
"67","2020-03-07","2020","3","7","1"
"68","2020-03-08","2020","3","8","1"
"69","2020-03-09","2020","3","9","1"
"70","2020-03-10","2020","3","10","1"
"71","2020-03-11","2020","3","11","1"
"72","2020-03-12","2020","3","12","1"
"73","2020-03-13","2020","3","13","1"
"74","2020-03-14","2020","3","14","1"
"75","2020-03-15","2020","3","15","1"
"76","2020-03-16","2020","3","16","1"
"77","2020-03-17","2020","3","17","1"
"78","2020-03-18","2020","3","18","1"
"79","2020-03-19","2020","3","19","1"
"80","2020-03-20","2020","3","20","1"
"81","2020-03-21","2020","3","21","1"
"82","2020-03-22","2020","3","22","1"
"83","2020-03-23","2020","3","23","1"
"84","2020-03-24","2020","3","24","1"
"85","2020-03-25","2020","3","25","1"
"86","2020-03-26","2020","3","26","1"
"87","2020-03-27","2020","3","27","1"
"88","2020-03-28","2020","3","28","1"
"89","2020-03-29","2020","3","29","1"
"90","2020-03-30","2020","3","30","1"
"91","2020-03-31","2020","3","31","1"
"92","2020-04-01","2020","4","1","2"
"93","2020-04-02","2020","4","2","2"
"94","2020-04-03","2020","4","3","2"
"95","2020-04-04","2020","4","4","2"
"96","2020-04-05","2020","4","5","2"
"97","2020-04-06","2020","4","6","2"
"98","2020-04-07","2020","4","7","2"
"99","2020-04-08","2020","4","8","2"
"100","2020-04-09","2020","4","9","2"
"101","2020-04-10","2020","4","10","2"
"102","2020-04-11","2020","4","11","2"
"103","2020-04-12","2020","4","12","2"
"104","2020-04-13","2020","4","13","2"
"105","2020-04-14","2020","4","14","2"
"106","2020-04-15","2020","4","15","2"
"107","2020-04-16","2020","4","16","2"
"108","2020-04-17","2020","4","17","2"
"109","2020-04-18","2020","4","18","2"
"110","2020-04-19","2020","4","19","2"
"111","2020-04-20","2020","4","20","2"
"112","2020-04-21","2020","4","21","2"
"113","2020-04-22","2020","4","22","2"
"114","2020-04-23","2020","4","23","2"
"115","2020-04-24","2020","4","24","2"
"116","2020-04-25","2020","4","25","2"
"117","2020-04-26","2020","4","26","2"
"118","2020-04-27","2020","4","27","2"
"119","2020-04-28","2020","4","28","2"
"120","2020-04-29","2020","4","29","2"
"121","2020-04-30","2020","4","30","2"
"122","2020-05-01","2020","5","1","2"
"123","2020-05-02","2020","5","2","2"
"124","2020-05-03","2020","5","3","2"
"125","2020-05-04","2020","5","4","2"
"126","2020-05-05","2020","5","5","2"
"127","2020-05-06","2020","5","6","2"
"128","2020-05-07","2020","5","7","2"
"129","2020-05-08","2020","5","8","2"
"130","2020-05-09","2020","5","9","2"
"131","2020-05-10","2020","5","10","2"
"132","2020-05-11","2020","5","11","2"
"133","2020-05-12","2020","5","12","2"
"134","2020-05-13","2020","5","13","2"
"135","2020-05-14","2020","5","14","2"
"136","2020-05-15","2020","5","15","2"
"137","2020-05-16","2020","5","16","2"
"138","2020-05-17","2020","5","17","2"
"139","2020-05-18","2020","5","18","2"
"140","2020-05-19","2020","5","19","2"
"141","2020-05-20","2020","5","20","2"
"142","2020-05-21","2020","5","21","2"
"143","2020-05-22","2020","5","22","2"
"144","2020-05-23","2020","5","23","2"
"145","2020-05-24","2020","5","24","2"
"146","2020-05-25","2020","5","25","2"
"147","2020-05-26","2020","5","26","2"
"148","2020-05-27","2020","5","27","2"
"149","2020-05-28","2020","5","28","2"
"150","2020-05-29","2020","5","29","2"
"151","2020-05-30","2020","5","30","2"
"152","2020-05-31","2020","5","31","2"
"153","2020-06-01","2020","6","1","2"
"154","2020-06-02","2020","6","2","2"
"155","2020-06-03","2020","6","3","2"
"156","2020-06-04","2020","6","4","2"
"157","2020-06-05","2020","6","5","2"
"158","2020-06-06","2020","6","6","2"
"159","2020-06-07","2020","6","7","2"
"160","2020-06-08","2020","6","8","2"
"161","2020-06-09","2020","6","9","2"
"162","2020-06-10","2020","6","10","2"
"163","2020-06-11","2020","6","11","2"
"164","2020-06-12","2020","6","12","2"
"165","2020-06-13","2020","6","13","2"
"166","2020-06-14","2020","6","14","2"
"167","2020-06-15","2020","6","15","2"
"168","2020-06-16","2020","6","16","2"
"169","2020-06-17","2020","6","17","2"
"170","2020-06-18","2020","6","18","2"
"171","2020-06-19","2020","6","19","2"
"172","2020-06-20","2020","6","20","2"
"173","2020-06-21","2020","6","21","2"
"174","2020-06-22","2020","6","22","2"
"175","2020-06-23","2020","6","23","2"
"176","2020-06-24","2020","6","24","2"
"177","2020-06-25","2020","6","25","2"
"178","2020-06-26","2020","6","26","2"
"179","2020-06-27","2020","6","27","2"
"180","2020-06-28","2020","6","28","2"
"181","2020-06-29","2020","6","29","2"
"182","2020-06-30","2020","6","30","2"
"183","2020-07-01","2020","7","1","3"
"184","2020-07-02","2020","7","2","3"
"185","2020-07-03","2020","7","3","3"
"186","2020-07-04","2020","7","4","3"
"187","2020-07-05","2020","7","5","3"
"188","2020-07-06","2020","7","6","3"
"189","2020-07-07","2020","7","7","3"
"190","2020-07-08","2020","7","8","3"
"191","2020-07-09","2020","7","9","3"
"192","2020-07-10","2020","7","10","3"
"193","2020-07-11","2020","7","11","3"
"194","2020-07-12","2020","7","12","3"
"195","2020-07-13","2020","7","13","3"
"196","2020-07-14","2020","7","14","3"
"197","2020-07-15","2020","7","15","3"
"198","2020-07-16","2020","7","16","3"
"199","2020-07-17","2020","7","17","3"
"200","2020-07-18","2020","7","18","3"
"201","2020-07-19","2020","7","19","3"
"202","2020-07-20","2020","7","20","3"
"203","2020-07-21","2020","7","21","3"
"204","2020-07-22","2020","7","22","3"
"205","2020-07-23","2020","7","23","3"
"206","2020-07-24","2020","7","24","3"
"207","2020-07-25","2020","7","25","3"
"208","2020-07-26","2020","7","26","3"
"209","2020-07-27","2020","7","27","3"
"210","2020-07-28","2020","7","28","3"
"211","2020-07-29","2020","7","29","3"
"212","2020-07-30","2020","7","30","3"
"213","2020-07-31","2020","7","31","3"
"214","2020-08-01","2020","8","1","3"
"215","2020-08-02","2020","8","2","3"
"216","2020-08-03","2020","8","3","3"
"217","2020-08-04","2020","8","4","3"
"218","2020-08-05","2020","8","5","3"
"219","2020-08-06","2020","8","6","3"
"220","2020-08-07","2020","8","7","3"
"221","2020-08-08","2020","8","8","3"
"222","2020-08-09","2020","8","9","3"
"223","2020-08-10","2020","8","10","3"
"224","2020-08-11","2020","8","11","3"
"225","2020-08-12","2020","8","12","3"
"226","2020-08-13","2020","8","13","3"
"227","2020-08-14","2020","8","14","3"
"228","2020-08-15","2020","8","15","3"
"229","2020-08-16","2020","8","16","3"
"230","2020-08-17","2020","8","17","3"
"231","2020-08-18","2020","8","18","3"
"232","2020-08-19","2020","8","19","3"
"233","2020-08-20","2020","8","20","3"
"234","2020-08-21","2020","8","21","3"
"235","2020-08-22","2020","8","22","3"
"236","2020-08-23","2020","8","23","3"
"237","2020-08-24","2020","8","24","3"
"238","2020-08-25","2020","8","25","3"
"239","2020-08-26","2020","8","26","3"
"240","2020-08-27","2020","8","27","3"
"241","2020-08-28","2020","8","28","3"
"242","2020-08-29","2020","8","29","3"
"243","2020-08-30","2020","8","30","3"
"244","2020-08-31","2020","8","31","3"
"245","2020-09-01","2020","9","1","3"
"246","2020-09-02","2020","9","2","3"
"247","2020-09-03","2020","9","3","3"
"248","2020-09-04","2020","9","4","3"
"249","2020-09-05","2020","9","5","3"
"250","2020-09-06","2020","9","6","3"
"251","2020-09-07","2020","9","7","3"
"252","2020-09-08","2020","9","8","3"
"253","2020-09-09","2020","9","9","3"
"254","2020-09-10","2020","9","10","3"
"255","2020-09-11","2020","9","11","3"
"256","2020-09-12","2020","9","12","3"
"257","2020-09-13","2020","9","13","3"
"258","2020-09-14","2020","9","14","3"
"259","2020-09-15","2020","9","15","3"
"260","2020-09-16","2020","9","16","3"
"261","2020-09-17","2020","9","17","3"
"262","2020-09-18","2020","9","18","3"
"263","2020-09-19","2020","9","19","3"
"264","2020-09-20","2020","9","20","3"
"265","2020-09-21","2020","9","21","3"
"266","2020-09-22","2020","9","22","3"
"267","2020-09-23","2020","9","23","3"
"268","2020-09-24","2020","9","24","3"
"269","2020-09-25","2020","9","25","3"
"270","2020-09-26","2020","9","26","3"
"271","2020-09-27","2020","9","27","3"
"272","2020-09-28","2020","9","28","3"
"273","2020-09-29","2020","9","29","3"
"274","2020-09-30","2020","9","30","3"
"275","2020-10-01","2020","10","1","4"
"276","2020-10-02","2020","10","2","4"
"277","2020-10-03","2020","10","3","4"
"278","2020-10-04","2020","10","4","4"
"279","2020-10-05","2020","10","5","4"
"280","2020-10-06","2020","10","6","4"
"281","2020-10-07","2020","10","7","4"
"282","2020-10-08","2020","10","8","4"
"283","2020-10-09","2020","10","9","4"
"284","2020-10-10","2020","10","10","4"
"285","2020-10-11","2020","10","11","4"
"286","2020-10-12","2020","10","12","4"
"287","2020-10-13","2020","10","13","4"
"288","2020-10-14","2020","10","14","4"
"289","2020-10-15","2020","10","15","4"
"290","2020-10-16","2020","10","16","4"
"291","2020-10-17","2020","10","17","4"
"292","2020-10-18","2020","10","18","4"
"293","2020-10-19","2020","10","19","4"
"294","2020-10-20","2020","10","20","4"
"295","2020-10-21","2020","10","21","4"
"296","2020-10-22","2020","10","22","4"
"297","2020-10-23","2020","10","23","4"
"298","2020-10-24","2020","10","24","4"
"299","2020-10-25","2020","10","25","4"
"300","2020-10-26","2020","10","26","4"
"301","2020-10-27","2020","10","27","4"
"302","2020-10-28","2020","10","28","4"
"303","2020-10-29","2020","10","29","4"
"304","2020-10-30","2020","10","30","4"
"305","2020-10-31","2020","10","31","4"
"306","2020-11-01","2020","11","1","4"
"307","2020-11-02","2020","11","2","4"
"308","2020-11-03","2020","11","3","4"
"309","2020-11-04","2020","11","4","4"
"310","2020-11-05","2020","11","5","4"
"311","2020-11-06","2020","11","6","4"
"312","2020-11-07","2020","11","7","4"
"313","2020-11-08","2020","11","8","4"
"314","2020-11-09","2020","11","9","4"
"315","2020-11-10","2020","11","10","4"
"316","2020-11-11","2020","11","11","4"
"317","2020-11-12","2020","11","12","4"
"318","2020-11-13","2020","11","13","4"
"319","2020-11-14","2020","11","14","4"
"320","2020-11-15","2020","11","15","4"
"321","2020-11-16","2020","11","16","4"
"322","2020-11-17","2020","11","17","4"
"323","2020-11-18","2020","11","18","4"
"324","2020-11-19","2020","11","19","4"
"325","2020-11-20","2020","11","20","4"
"326","2020-11-21","2020","11","21","4"
"327","2020-11-22","2020","11","22","4"
"328","2020-11-23","2020","11","23","4"
"329","2020-11-24","2020","11","24","4"
"330","2020-11-25","2020","11","25","4"
"331","2020-11-26","2020","11","26","4"
"332","2020-11-27","2020","11","27","4"
"333","2020-11-28","2020","11","28","4"
"334","2020-11-29","2020","11","29","4"
"335","2020-11-30","2020","11","30","4"
"336","2020-12-01","2020","12","1","4"
"337","2020-12-02","2020","12","2","4"
"338","2020-12-03","2020","12","3","4"
"339","2020-12-04","2020","12","4","4"
"340","2020-12-05","2020","12","5","4"
"341","2020-12-06","2020","12","6","4"
"342","2020-12-07","2020","12","7","4"
"343","2020-12-08","2020","12","8","4"
"344","2020-12-09","2020","12","9","4"
"345","2020-12-10","2020","12","10","4"
"346","2020-12-11","2020","12","11","4"
"347","2020-12-12","2020","12","12","4"
"348","2020-12-13","2020","12","13","4"
"349","2020-12-14","2020","12","14","4"
"350","2020-12-15","2020","12","15","4"
"351","2020-12-16","2020","12","16","4"
"352","2020-12-17","2020","12","17","4"
"353","2020-12-18","2020","12","18","4"
"354","2020-12-19","2020","12","19","4"
"355","2020-12-20","2020","12","20","4"
"356","2020-12-21","2020","12","21","4"
"357","2020-12-22","2020","12","22","4"
"358","2020-12-23","2020","12","23","4"
"359","2020-12-24","2020","12","24","4"
"360","2020-12-25","2020","12","25","4"
"361","2020-12-26","2020","12","26","4"
"362","2020-12-27","2020","12","27","4"
"363","2020-12-28","2020","12","28","4"
"364","2020-12-29","2020","12","29","4"
"365","2020-12-30","2020","12","30","4"
"366","2020-12-31","2020","12","31","4"
"367","2021-01-01","2021","1","1","1"
"368","2021-01-02","2021","1","2","1"
"369","2021-01-03","2021","1","3","1"
"370","2021-01-04","2021","1","4","1"
"371","2021-01-05","2021","1","5","1"
"372","2021-01-06","2021","1","6","1"
"373","2021-01-07","2021","1","7","1"
"374","2021-01-08","2021","1","8","1"
"375","2021-01-09","2021","1","9","1"
"376","2021-01-10","2021","1","10","1"
"377","2021-01-11","2021","1","11","1"
"378","2021-01-12","2021","1","12","1"
"379","2021-01-13","2021","1","13","1"
"380","2021-01-14","2021","1","14","1"
"381","2021-01-15","2021","1","15","1"
"382","2021-01-16","2021","1","16","1"
"383","2021-01-17","2021","1","17","1"
"384","2021-01-18","2021","1","18","1"
"385","2021-01-19","2021","1","19","1"
"386","2021-01-20","2021","1","20","1"
"387","2021-01-21","2021","1","21","1"
"388","2021-01-22","2021","1","22","1"
"389","2021-01-23","2021","1","23","1"
"390","2021-01-24","2021","1","24","1"
"391","2021-01-25","2021","1","25","1"
"392","2021-01-26","2021","1","26","1"
"393","2021-01-27","2021","1","27","1"
"394","2021-01-28","2021","1","28","1"
"395","2021-01-29","2021","1","29","1"
"396","2021-01-30","2021","1","30","1"
"397","2021-01-31","2021","1","31","1"
"398","2021-02-01","2021","2","1","1"
"399","2021-02-02","2021","2","2","1"
"400","2021-02-03","2021","2","3","1"
"401","2021-02-04","2021","2","4","1"
"402","2021-02-05","2021","2","5","1"
"403","2021-02-06","2021","2","6","1"
"404","2021-02-07","2021","2","7","1"
"405","2021-02-08","2021","2","8","1"
"406","2021-02-09","2021","2","9","1"
"407","2021-02-10","2021","2","10","1"
"408","2021-02-11","2021","2","11","1"
"409","2021-02-12","2021","2","12","1"
"410","2021-02-13","2021","2","13","1"
"411","2021-02-14","2021","2","14","1"
"412","2021-02-15","2021","2","15","1"
"413","2021-02-16","2021","2","16","1"
"414","2021-02-17","2021","2","17","1"
"415","2021-02-18","2021","2","18","1"
"416","2021-02-19","2021","2","19","1"
"417","2021-02-20","2021","2","20","1"
"418","2021-02-21","2021","2","21","1"
"419","2021-02-22","2021","2","22","1"
"420","2021-02-23","2021","2","23","1"
"421","2021-02-24","2021","2","24","1"
"422","2021-02-25","2021","2","25","1"
"423","2021-02-26","2021","2","26","1"
"424","2021-02-27","2021","2","27","1"
"425","2021-02-28","2021","2","28","1"
"426","2021-03-01","2021","3","1","1"
"427","2021-03-02","2021","3","2","1"
"428","2021-03-03","2021","3","3","1"
"429","2021-03-04","2021","3","4","1"
"430","2021-03-05","2021","3","5","1"
"431","2021-03-06","2021","3","6","1"
"432","2021-03-07","2021","3","7","1"
"433","2021-03-08","2021","3","8","1"
"434","2021-03-09","2021","3","9","1"
"435","2021-03-10","2021","3","10","1"
"436","2021-03-11","2021","3","11","1"
"437","2021-03-12","2021","3","12","1"
"438","2021-03-13","2021","3","13","1"
"439","2021-03-14","2021","3","14","1"
"440","2021-03-15","2021","3","15","1"
"441","2021-03-16","2021","3","16","1"
"442","2021-03-17","2021","3","17","1"
"443","2021-03-18","2021","3","18","1"
"444","2021-03-19","2021","3","19","1"
"445","2021-03-20","2021","3","20","1"
"446","2021-03-21","2021","3","21","1"
"447","2021-03-22","2021","3","22","1"
"448","2021-03-23","2021","3","23","1"
"449","2021-03-24","2021","3","24","1"
"450","2021-03-25","2021","3","25","1"
"451","2021-03-26","2021","3","26","1"
"452","2021-03-27","2021","3","27","1"
"453","2021-03-28","2021","3","28","1"
"454","2021-03-29","2021","3","29","1"
"455","2021-03-30","2021","3","30","1"
"456","2021-03-31","2021","3","31","1"
"457","2021-04-01","2021","4","1","2"
"458","2021-04-02","2021","4","2","2"
"459","2021-04-03","2021","4","3","2"
"460","2021-04-04","2021","4","4","2"
"461","2021-04-05","2021","4","5","2"
"462","2021-04-06","2021","4","6","2"
"463","2021-04-07","2021","4","7","2"
"464","2021-04-08","2021","4","8","2"
"465","2021-04-09","2021","4","9","2"
"466","2021-04-10","2021","4","10","2"
"467","2021-04-11","2021","4","11","2"
"468","2021-04-12","2021","4","12","2"
"469","2021-04-13","2021","4","13","2"
"470","2021-04-14","2021","4","14","2"
"471","2021-04-15","2021","4","15","2"
"472","2021-04-16","2021","4","16","2"
"473","2021-04-17","2021","4","17","2"
"474","2021-04-18","2021","4","18","2"
"475","2021-04-19","2021","4","19","2"
"476","2021-04-20","2021","4","20","2"
"477","2021-04-21","2021","4","21","2"
"478","2021-04-22","2021","4","22","2"
"479","2021-04-23","2021","4","23","2"
"480","2021-04-24","2021","4","24","2"
"481","2021-04-25","2021","4","25","2"
"482","2021-04-26","2021","4","26","2"
"483","2021-04-27","2021","4","27","2"
"484","2021-04-28","2021","4","28","2"
"485","2021-04-29","2021","4","29","2"
"486","2021-04-30","2021","4","30","2"
"487","2021-05-01","2021","5","1","2"
"488","2021-05-02","2021","5","2","2"
"489","2021-05-03","2021","5","3","2"
"490","2021-05-04","2021","5","4","2"
"491","2021-05-05","2021","5","5","2"
"492","2021-05-06","2021","5","6","2"
"493","2021-05-07","2021","5","7","2"
"494","2021-05-08","2021","5","8","2"
"495","2021-05-09","2021","5","9","2"
"496","2021-05-10","2021","5","10","2"
"497","2021-05-11","2021","5","11","2"
"498","2021-05-12","2021","5","12","2"
"499","2021-05-13","2021","5","13","2"
"500","2021-05-14","2021","5","14","2"
"501","2021-05-15","2021","5","15","2"
"502","2021-05-16","2021","5","16","2"
"503","2021-05-17","2021","5","17","2"
"504","2021-05-18","2021","5","18","2"
"505","2021-05-19","2021","5","19","2"
"506","2021-05-20","2021","5","20","2"
"507","2021-05-21","2021","5","21","2"
"508","2021-05-22","2021","5","22","2"
"509","2021-05-23","2021","5","23","2"
"510","2021-05-24","2021","5","24","2"
"511","2021-05-25","2021","5","25","2"
"512","2021-05-26","2021","5","26","2"
"513","2021-05-27","2021","5","27","2"
"514","2021-05-28","2021","5","28","2"
"515","2021-05-29","2021","5","29","2"
"516","2021-05-30","2021","5","30","2"
"517","2021-05-31","2021","5","31","2"
"518","2021-06-01","2021","6","1","2"
"519","2021-06-02","2021","6","2","2"
"520","2021-06-03","2021","6","3","2"
"521","2021-06-04","2021","6","4","2"
"522","2021-06-05","2021","6","5","2"
"523","2021-06-06","2021","6","6","2"
"524","2021-06-07","2021","6","7","2"
"525","2021-06-08","2021","6","8","2"
"526","2021-06-09","2021","6","9","2"
"527","2021-06-10","2021","6","10","2"
"528","2021-06-11","2021","6","11","2"
"529","2021-06-12","2021","6","12","2"
"530","2021-06-13","2021","6","13","2"
"531","2021-06-14","2021","6","14","2"
"532","2021-06-15","2021","6","15","2"
"533","2021-06-16","2021","6","16","2"
"534","2021-06-17","2021","6","17","2"
"535","2021-06-18","2021","6","18","2"
"536","2021-06-19","2021","6","19","2"
"537","2021-06-20","2021","6","20","2"
"538","2021-06-21","2021","6","21","2"
"539","2021-06-22","2021","6","22","2"
"540","2021-06-23","2021","6","23","2"
"541","2021-06-24","2021","6","24","2"
"542","2021-06-25","2021","6","25","2"
"543","2021-06-26","2021","6","26","2"
"544","2021-06-27","2021","6","27","2"
"545","2021-06-28","2021","6","28","2"
"546","2021-06-29","2021","6","29","2"
"547","2021-06-30","2021","6","30","2"
"548","2021-07-01","2021","7","1","3"
"549","2021-07-02","2021","7","2","3"
"550","2021-07-03","2021","7","3","3"
"551","2021-07-04","2021","7","4","3"
"552","2021-07-05","2021","7","5","3"
"553","2021-07-06","2021","7","6","3"
"554","2021-07-07","2021","7","7","3"
"555","2021-07-08","2021","7","8","3"
"556","2021-07-09","2021","7","9","3"
"557","2021-07-10","2021","7","10","3"
"558","2021-07-11","2021","7","11","3"
"559","2021-07-12","2021","7","12","3"
"560","2021-07-13","2021","7","13","3"
"561","2021-07-14","2021","7","14","3"
"562","2021-07-15","2021","7","15","3"
"563","2021-07-16","2021","7","16","3"
"564","2021-07-17","2021","7","17","3"
"565","2021-07-18","2021","7","18","3"
"566","2021-07-19","2021","7","19","3"
"567","2021-07-20","2021","7","20","3"
"568","2021-07-21","2021","7","21","3"
"569","2021-07-22","2021","7","22","3"
"570","2021-07-23","2021","7","23","3"
"571","2021-07-24","2021","7","24","3"
"572","2021-07-25","2021","7","25","3"
"573","2021-07-26","2021","7","26","3"
"574","2021-07-27","2021","7","27","3"
"575","2021-07-28","2021","7","28","3"
"576","2021-07-29","2021","7","29","3"
"577","2021-07-30","2021","7","30","3"
"578","2021-07-31","2021","7","31","3"
"579","2021-08-01","2021","8","1","3"
"580","2021-08-02","2021","8","2","3"
"581","2021-08-03","2021","8","3","3"
"582","2021-08-04","2021","8","4","3"
"583","2021-08-05","2021","8","5","3"
"584","2021-08-06","2021","8","6","3"
"585","2021-08-07","2021","8","7","3"
"586","2021-08-08","2021","8","8","3"
"587","2021-08-09","2021","8","9","3"
"588","2021-08-10","2021","8","10","3"
"589","2021-08-11","2021","8","11","3"
"590","2021-08-12","2021","8","12","3"
"591","2021-08-13","2021","8","13","3"
"592","2021-08-14","2021","8","14","3"
"593","2021-08-15","2021","8","15","3"
"594","2021-08-16","2021","8","16","3"
"595","2021-08-17","2021","8","17","3"
"596","2021-08-18","2021","8","18","3"
"597","2021-08-19","2021","8","19","3"
"598","2021-08-20","2021","8","20","3"
"599","2021-08-21","2021","8","21","3"
"600","2021-08-22","2021","8","22","3"
"601","2021-08-23","2021","8","23","3"
"602","2021-08-24","2021","8","24","3"
"603","2021-08-25","2021","8","25","3"
"604","2021-08-26","2021","8","26","3"
"605","2021-08-27","2021","8","27","3"
"606","2021-08-28","2021","8","28","3"
"607","2021-08-29","2021","8","29","3"
"608","2021-08-30","2021","8","30","3"
"609","2021-08-31","2021","8","31","3"
"610","2021-09-01","2021","9","1","3"
"611","2021-09-02","2021","9","2","3"
"612","2021-09-03","2021","9","3","3"
"613","2021-09-04","2021","9","4","3"
"614","2021-09-05","2021","9","5","3"
"615","2021-09-06","2021","9","6","3"
"616","2021-09-07","2021","9","7","3"
"617","2021-09-08","2021","9","8","3"
"618","2021-09-09","2021","9","9","3"
"619","2021-09-10","2021","9","10","3"
"620","2021-09-11","2021","9","11","3"
"621","2021-09-12","2021","9","12","3"
"622","2021-09-13","2021","9","13","3"
"623","2021-09-14","2021","9","14","3"
"624","2021-09-15","2021","9","15","3"
"625","2021-09-16","2021","9","16","3"
"626","2021-09-17","2021","9","17","3"
"627","2021-09-18","2021","9","18","3"
"628","2021-09-19","2021","9","19","3"
"629","2021-09-20","2021","9","20","3"
"630","2021-09-21","2021","9","21","3"
"631","2021-09-22","2021","9","22","3"
"632","2021-09-23","2021","9","23","3"
"633","2021-09-24","2021","9","24","3"
"634","2021-09-25","2021","9","25","3"
"635","2021-09-26","2021","9","26","3"
"636","2021-09-27","2021","9","27","3"
"637","2021-09-28","2021","9","28","3"
"638","2021-09-29","2021","9","29","3"
"639","2021-09-30","2021","9","30","3"
"640","2021-10-01","2021","10","1","4"
"641","2021-10-02","2021","10","2","4"
"642","2021-10-03","2021","10","3","4"
"643","2021-10-04","2021","10","4","4"
"644","2021-10-05","2021","10","5","4"
"645","2021-10-06","2021","10","6","4"
"646","2021-10-07","2021","10","7","4"
"647","2021-10-08","2021","10","8","4"
"648","2021-10-09","2021","10","9","4"
"649","2021-10-10","2021","10","10","4"
"650","2021-10-11","2021","10","11","4"
"651","2021-10-12","2021","10","12","4"
"652","2021-10-13","2021","10","13","4"
"653","2021-10-14","2021","10","14","4"
"654","2021-10-15","2021","10","15","4"
"655","2021-10-16","2021","10","16","4"
"656","2021-10-17","2021","10","17","4"
"657","2021-10-18","2021","10","18","4"
"658","2021-10-19","2021","10","19","4"
"659","2021-10-20","2021","10","20","4"
"660","2021-10-21","2021","10","21","4"
"661","2021-10-22","2021","10","22","4"
"662","2021-10-23","2021","10","23","4"
"663","2021-10-24","2021","10","24","4"
"664","2021-10-25","2021","10","25","4"
"665","2021-10-26","2021","10","26","4"
"666","2021-10-27","2021","10","27","4"
"667","2021-10-28","2021","10","28","4"
"668","2021-10-29","2021","10","29","4"
"669","2021-10-30","2021","10","30","4"
"670","2021-10-31","2021","10","31","4"
"671","2021-11-01","2021","11","1","4"
"672","2021-11-02","2021","11","2","4"
"673","2021-11-03","2021","11","3","4"
"674","2021-11-04","2021","11","4","4"
"675","2021-11-05","2021","11","5","4"
"676","2021-11-06","2021","11","6","4"
"677","2021-11-07","2021","11","7","4"
"678","2021-11-08","2021","11","8","4"
"679","2021-11-09","2021","11","9","4"
"680","2021-11-10","2021","11","10","4"
"681","2021-11-11","2021","11","11","4"
"682","2021-11-12","2021","11","12","4"
"683","2021-11-13","2021","11","13","4"
"684","2021-11-14","2021","11","14","4"
"685","2021-11-15","2021","11","15","4"
"686","2021-11-16","2021","11","16","4"
"687","2021-11-17","2021","11","17","4"
"688","2021-11-18","2021","11","18","4"
"689","2021-11-19","2021","11","19","4"
"690","2021-11-20","2021","11","20","4"
"691","2021-11-21","2021","11","21","4"
"692","2021-11-22","2021","11","22","4"
"693","2021-11-23","2021","11","23","4"
"694","2021-11-24","2021","11","24","4"
"695","2021-11-25","2021","11","25","4"
"696","2021-11-26","2021","11","26","4"
"697","2021-11-27","2021","11","27","4"
"698","2021-11-28","2021","11","28","4"
"699","2021-11-29","2021","11","29","4"
"700","2021-11-30","2021","11","30","4"
"701","2021-12-01","2021","12","1","4"
"702","2021-12-02","2021","12","2","4"
"703","2021-12-03","2021","12","3","4"
"704","2021-12-04","2021","12","4","4"
"705","2021-12-05","2021","12","5","4"
"706","2021-12-06","2021","12","6","4"
"707","2021-12-07","2021","12","7","4"
"708","2021-12-08","2021","12","8","4"
"709","2021-12-09","2021","12","9","4"
"710","2021-12-10","2021","12","10","4"
"711","2021-12-11","2021","12","11","4"
"712","2021-12-12","2021","12","12","4"
"713","2021-12-13","2021","12","13","4"
"714","2021-12-14","2021","12","14","4"
"715","2021-12-15","2021","12","15","4"
"716","2021-12-16","2021","12","16","4"
"717","2021-12-17","2021","12","17","4"
"718","2021-12-18","2021","12","18","4"
"719","2021-12-19","2021","12","19","4"
"720","2021-12-20","2021","12","20","4"
"721","2021-12-21","2021","12","21","4"
"722","2021-12-22","2021","12","22","4"
"723","2021-12-23","2021","12","23","4"
"724","2021-12-24","2021","12","24","4"
"725","2021-12-25","2021","12","25","4"
"726","2021-12-26","2021","12","26","4"
"727","2021-12-27","2021","12","27","4"
"728","2021-12-28","2021","12","28","4"
"729","2021-12-29","2021","12","29","4"
"730","2021-12-30","2021","12","30","4"
"731","2021-12-31","2021","12","31","4"
"732","2022-01-01","2022","1","1","1"
"733","2022-01-02","2022","1","2","1"
"734","2022-01-03","2022","1","3","1"
"735","2022-01-04","2022","1","4","1"
"736","2022-01-05","2022","1","5","1"
"737","2022-01-06","2022","1","6","1"
"738","2022-01-07","2022","1","7","1"
"739","2022-01-08","2022","1","8","1"
"740","2022-01-09","2022","1","9","1"
"741","2022-01-10","2022","1","10","1"
"742","2022-01-11","2022","1","11","1"
"743","2022-01-12","2022","1","12","1"
"744","2022-01-13","2022","1","13","1"
"745","2022-01-14","2022","1","14","1"
"746","2022-01-15","2022","1","15","1"
"747","2022-01-16","2022","1","16","1"
"748","2022-01-17","2022","1","17","1"
"749","2022-01-18","2022","1","18","1"
"750","2022-01-19","2022","1","19","1"
"751","2022-01-20","2022","1","20","1"
"752","2022-01-21","2022","1","21","1"
"753","2022-01-22","2022","1","22","1"
"754","2022-01-23","2022","1","23","1"
"755","2022-01-24","2022","1","24","1"
"756","2022-01-25","2022","1","25","1"
"757","2022-01-26","2022","1","26","1"
"758","2022-01-27","2022","1","27","1"
"759","2022-01-28","2022","1","28","1"
"760","2022-01-29","2022","1","29","1"
"761","2022-01-30","2022","1","30","1"
"762","2022-01-31","2022","1","31","1"
"763","2022-02-01","2022","2","1","1"
"764","2022-02-02","2022","2","2","1"
"765","2022-02-03","2022","2","3","1"
"766","2022-02-04","2022","2","4","1"
"767","2022-02-05","2022","2","5","1"
"768","2022-02-06","2022","2","6","1"
"769","2022-02-07","2022","2","7","1"
"770","2022-02-08","2022","2","8","1"
"771","2022-02-09","2022","2","9","1"
"772","2022-02-10","2022","2","10","1"
"773","2022-02-11","2022","2","11","1"
"774","2022-02-12","2022","2","12","1"
"775","2022-02-13","2022","2","13","1"
"776","2022-02-14","2022","2","14","1"
"777","2022-02-15","2022","2","15","1"
"778","2022-02-16","2022","2","16","1"
"779","2022-02-17","2022","2","17","1"
"780","2022-02-18","2022","2","18","1"
"781","2022-02-19","2022","2","19","1"
"782","2022-02-20","2022","2","20","1"
"783","2022-02-21","2022","2","21","1"
"784","2022-02-22","2022","2","22","1"
"785","2022-02-23","2022","2","23","1"
"786","2022-02-24","2022","2","24","1"
"787","2022-02-25","2022","2","25","1"
"788","2022-02-26","2022","2","26","1"
"789","2022-02-27","2022","2","27","1"
"790","2022-02-28","2022","2","28","1"
"791","2022-03-01","2022","3","1","1"
"792","2022-03-02","2022","3","2","1"
"793","2022-03-03","2022","3","3","1"
"794","2022-03-04","2022","3","4","1"
"795","2022-03-05","2022","3","5","1"
"796","2022-03-06","2022","3","6","1"
"797","2022-03-07","2022","3","7","1"
"798","2022-03-08","2022","3","8","1"
"799","2022-03-09","2022","3","9","1"
"800","2022-03-10","2022","3","10","1"
"801","2022-03-11","2022","3","11","1"
"802","2022-03-12","2022","3","12","1"
"803","2022-03-13","2022","3","13","1"
"804","2022-03-14","2022","3","14","1"
"805","2022-03-15","2022","3","15","1"
"806","2022-03-16","2022","3","16","1"
"807","2022-03-17","2022","3","17","1"
"808","2022-03-18","2022","3","18","1"
"809","2022-03-19","2022","3","19","1"
"810","2022-03-20","2022","3","20","1"
"811","2022-03-21","2022","3","21","1"
"812","2022-03-22","2022","3","22","1"
"813","2022-03-23","2022","3","23","1"
"814","2022-03-24","2022","3","24","1"
"815","2022-03-25","2022","3","25","1"
"816","2022-03-26","2022","3","26","1"
"817","2022-03-27","2022","3","27","1"
"818","2022-03-28","2022","3","28","1"
"819","2022-03-29","2022","3","29","1"
"820","2022-03-30","2022","3","30","1"
"821","2022-03-31","2022","3","31","1"
"822","2022-04-01","2022","4","1","2"
"823","2022-04-02","2022","4","2","2"
"824","2022-04-03","2022","4","3","2"
"825","2022-04-04","2022","4","4","2"
"826","2022-04-05","2022","4","5","2"
"827","2022-04-06","2022","4","6","2"
"828","2022-04-07","2022","4","7","2"
"829","2022-04-08","2022","4","8","2"
"830","2022-04-09","2022","4","9","2"
"831","2022-04-10","2022","4","10","2"
"832","2022-04-11","2022","4","11","2"
"833","2022-04-12","2022","4","12","2"
"834","2022-04-13","2022","4","13","2"
"835","2022-04-14","2022","4","14","2"
"836","2022-04-15","2022","4","15","2"
"837","2022-04-16","2022","4","16","2"
"838","2022-04-17","2022","4","17","2"
"839","2022-04-18","2022","4","18","2"
"840","2022-04-19","2022","4","19","2"
"841","2022-04-20","2022","4","20","2"
"842","2022-04-21","2022","4","21","2"
"843","2022-04-22","2022","4","22","2"
"844","2022-04-23","2022","4","23","2"
"845","2022-04-24","2022","4","24","2"
"846","2022-04-25","2022","4","25","2"
"847","2022-04-26","2022","4","26","2"
"848","2022-04-27","2022","4","27","2"
"849","2022-04-28","2022","4","28","2"
"850","2022-04-29","2022","4","29","2"
"851","2022-04-30","2022","4","30","2"
"852","2022-05-01","2022","5","1","2"
"853","2022-05-02","2022","5","2","2"
"854","2022-05-03","2022","5","3","2"
"855","2022-05-04","2022","5","4","2"
"856","2022-05-05","2022","5","5","2"
"857","2022-05-06","2022","5","6","2"
"858","2022-05-07","2022","5","7","2"
"859","2022-05-08","2022","5","8","2"
"860","2022-05-09","2022","5","9","2"
"861","2022-05-10","2022","5","10","2"
"862","2022-05-11","2022","5","11","2"
"863","2022-05-12","2022","5","12","2"
"864","2022-05-13","2022","5","13","2"
"865","2022-05-14","2022","5","14","2"
"866","2022-05-15","2022","5","15","2"
"867","2022-05-16","2022","5","16","2"
"868","2022-05-17","2022","5","17","2"
"869","2022-05-18","2022","5","18","2"
"870","2022-05-19","2022","5","19","2"
"871","2022-05-20","2022","5","20","2"
"872","2022-05-21","2022","5","21","2"
"873","2022-05-22","2022","5","22","2"
"874","2022-05-23","2022","5","23","2"
"875","2022-05-24","2022","5","24","2"
"876","2022-05-25","2022","5","25","2"
"877","2022-05-26","2022","5","26","2"
"878","2022-05-27","2022","5","27","2"
"879","2022-05-28","2022","5","28","2"
"880","2022-05-29","2022","5","29","2"
"881","2022-05-30","2022","5","30","2"
"882","2022-05-31","2022","5","31","2"
"883","2022-06-01","2022","6","1","2"
"884","2022-06-02","2022","6","2","2"
"885","2022-06-03","2022","6","3","2"
"886","2022-06-04","2022","6","4","2"
"887","2022-06-05","2022","6","5","2"
"888","2022-06-06","2022","6","6","2"
"889","2022-06-07","2022","6","7","2"
"890","2022-06-08","2022","6","8","2"
"891","2022-06-09","2022","6","9","2"
"892","2022-06-10","2022","6","10","2"
"893","2022-06-11","2022","6","11","2"
"894","2022-06-12","2022","6","12","2"
"895","2022-06-13","2022","6","13","2"
"896","2022-06-14","2022","6","14","2"
"897","2022-06-15","2022","6","15","2"
"898","2022-06-16","2022","6","16","2"
"899","2022-06-17","2022","6","17","2"
"900","2022-06-18","2022","6","18","2"
"901","2022-06-19","2022","6","19","2"
"902","2022-06-20","2022","6","20","2"
"903","2022-06-21","2022","6","21","2"
"904","2022-06-22","2022","6","22","2"
"905","2022-06-23","2022","6","23","2"
"906","2022-06-24","2022","6","24","2"
"907","2022-06-25","2022","6","25","2"
"908","2022-06-26","2022","6","26","2"
"909","2022-06-27","2022","6","27","2"
"910","2022-06-28","2022","6","28","2"
"911","2022-06-29","2022","6","29","2"
"912","2022-06-30","2022","6","30","2"
"913","2022-07-01","2022","7","1","3"
"914","2022-07-02","2022","7","2","3"
"915","2022-07-03","2022","7","3","3"
"916","2022-07-04","2022","7","4","3"
"917","2022-07-05","2022","7","5","3"
"918","2022-07-06","2022","7","6","3"
"919","2022-07-07","2022","7","7","3"
"920","2022-07-08","2022","7","8","3"
"921","2022-07-09","2022","7","9","3"
"922","2022-07-10","2022","7","10","3"
"923","2022-07-11","2022","7","11","3"
"924","2022-07-12","2022","7","12","3"
"925","2022-07-13","2022","7","13","3"
"926","2022-07-14","2022","7","14","3"
"927","2022-07-15","2022","7","15","3"
"928","2022-07-16","2022","7","16","3"
"929","2022-07-17","2022","7","17","3"
"930","2022-07-18","2022","7","18","3"
"931","2022-07-19","2022","7","19","3"
"932","2022-07-20","2022","7","20","3"
"933","2022-07-21","2022","7","21","3"
"934","2022-07-22","2022","7","22","3"
"935","2022-07-23","2022","7","23","3"
"936","2022-07-24","2022","7","24","3"
"937","2022-07-25","2022","7","25","3"
"938","2022-07-26","2022","7","26","3"
"939","2022-07-27","2022","7","27","3"
"940","2022-07-28","2022","7","28","3"
"941","2022-07-29","2022","7","29","3"
"942","2022-07-30","2022","7","30","3"
"943","2022-07-31","2022","7","31","3"
"944","2022-08-01","2022","8","1","3"
"945","2022-08-02","2022","8","2","3"
"946","2022-08-03","2022","8","3","3"
"947","2022-08-04","2022","8","4","3"
"948","2022-08-05","2022","8","5","3"
"949","2022-08-06","2022","8","6","3"
"950","2022-08-07","2022","8","7","3"
"951","2022-08-08","2022","8","8","3"
"952","2022-08-09","2022","8","9","3"
"953","2022-08-10","2022","8","10","3"
"954","2022-08-11","2022","8","11","3"
"955","2022-08-12","2022","8","12","3"
"956","2022-08-13","2022","8","13","3"
"957","2022-08-14","2022","8","14","3"
"958","2022-08-15","2022","8","15","3"
"959","2022-08-16","2022","8","16","3"
"960","2022-08-17","2022","8","17","3"
"961","2022-08-18","2022","8","18","3"
"962","2022-08-19","2022","8","19","3"
"963","2022-08-20","2022","8","20","3"
"964","2022-08-21","2022","8","21","3"
"965","2022-08-22","2022","8","22","3"
"966","2022-08-23","2022","8","23","3"
"967","2022-08-24","2022","8","24","3"
"968","2022-08-25","2022","8","25","3"
"969","2022-08-26","2022","8","26","3"
"970","2022-08-27","2022","8","27","3"
"971","2022-08-28","2022","8","28","3"
"972","2022-08-29","2022","8","29","3"
"973","2022-08-30","2022","8","30","3"
"974","2022-08-31","2022","8","31","3"
"975","2022-09-01","2022","9","1","3"
"976","2022-09-02","2022","9","2","3"
"977","2022-09-03","2022","9","3","3"
"978","2022-09-04","2022","9","4","3"
"979","2022-09-05","2022","9","5","3"
"980","2022-09-06","2022","9","6","3"
"981","2022-09-07","2022","9","7","3"
"982","2022-09-08","2022","9","8","3"
"983","2022-09-09","2022","9","9","3"
"984","2022-09-10","2022","9","10","3"
"985","2022-09-11","2022","9","11","3"
"986","2022-09-12","2022","9","12","3"
"987","2022-09-13","2022","9","13","3"
"988","2022-09-14","2022","9","14","3"
"989","2022-09-15","2022","9","15","3"
"990","2022-09-16","2022","9","16","3"
"991","2022-09-17","2022","9","17","3"
"992","2022-09-18","2022","9","18","3"
"993","2022-09-19","2022","9","19","3"
"994","2022-09-20","2022","9","20","3"
"995","2022-09-21","2022","9","21","3"
"996","2022-09-22","2022","9","22","3"
"997","2022-09-23","2022","9","23","3"
"998","2022-09-24","2022","9","24","3"
"999","2022-09-25","2022","9","25","3"
"1000","2022-09-26","2022","9","26","3"
"1001","2022-09-27","2022","9","27","3"
"1002","2022-09-28","2022","9","28","3"
"1003","2022-09-29","2022","9","29","3"
"1004","2022-09-30","2022","9","30","3"
"1005","2022-10-01","2022","10","1","4"
"1006","2022-10-02","2022","10","2","4"
"1007","2022-10-03","2022","10","3","4"
"1008","2022-10-04","2022","10","4","4"
"1009","2022-10-05","2022","10","5","4"
"1010","2022-10-06","2022","10","6","4"
"1011","2022-10-07","2022","10","7","4"
"1012","2022-10-08","2022","10","8","4"
"1013","2022-10-09","2022","10","9","4"
"1014","2022-10-10","2022","10","10","4"
"1015","2022-10-11","2022","10","11","4"
"1016","2022-10-12","2022","10","12","4"
"1017","2022-10-13","2022","10","13","4"
"1018","2022-10-14","2022","10","14","4"
"1019","2022-10-15","2022","10","15","4"
"1020","2022-10-16","2022","10","16","4"
"1021","2022-10-17","2022","10","17","4"
"1022","2022-10-18","2022","10","18","4"
"1023","2022-10-19","2022","10","19","4"
"1024","2022-10-20","2022","10","20","4"
"1025","2022-10-21","2022","10","21","4"
"1026","2022-10-22","2022","10","22","4"
"1027","2022-10-23","2022","10","23","4"
"1028","2022-10-24","2022","10","24","4"
"1029","2022-10-25","2022","10","25","4"
"1030","2022-10-26","2022","10","26","4"
"1031","2022-10-27","2022","10","27","4"
"1032","2022-10-28","2022","10","28","4"
"1033","2022-10-29","2022","10","29","4"
"1034","2022-10-30","2022","10","30","4"
"1035","2022-10-31","2022","10","31","4"
"1036","2022-11-01","2022","11","1","4"
"1037","2022-11-02","2022","11","2","4"
"1038","2022-11-03","2022","11","3","4"
"1039","2022-11-04","2022","11","4","4"
"1040","2022-11-05","2022","11","5","4"
"1041","2022-11-06","2022","11","6","4"
"1042","2022-11-07","2022","11","7","4"
"1043","2022-11-08","2022","11","8","4"
"1044","2022-11-09","2022","11","9","4"
"1045","2022-11-10","2022","11","10","4"
"1046","2022-11-11","2022","11","11","4"
"1047","2022-11-12","2022","11","12","4"
"1048","2022-11-13","2022","11","13","4"
"1049","2022-11-14","2022","11","14","4"
"1050","2022-11-15","2022","11","15","4"
"1051","2022-11-16","2022","11","16","4"
"1052","2022-11-17","2022","11","17","4"
"1053","2022-11-18","2022","11","18","4"
"1054","2022-11-19","2022","11","19","4"
"1055","2022-11-20","2022","11","20","4"
"1056","2022-11-21","2022","11","21","4"
"1057","2022-11-22","2022","11","22","4"
"1058","2022-11-23","2022","11","23","4"
"1059","2022-11-24","2022","11","24","4"
"1060","2022-11-25","2022","11","25","4"
"1061","2022-11-26","2022","11","26","4"
"1062","2022-11-27","2022","11","27","4"
"1063","2022-11-28","2022","11","28","4"
"1064","2022-11-29","2022","11","29","4"
"1065","2022-11-30","2022","11","30","4"
"1066","2022-12-01","2022","12","1","4"
"1067","2022-12-02","2022","12","2","4"
"1068","2022-12-03","2022","12","3","4"
"1069","2022-12-04","2022","12","4","4"
"1070","2022-12-05","2022","12","5","4"
"1071","2022-12-06","2022","12","6","4"
"1072","2022-12-07","2022","12","7","4"
"1073","2022-12-08","2022","12","8","4"
"1074","2022-12-09","2022","12","9","4"
"1075","2022-12-10","2022","12","10","4"
"1076","2022-12-11","2022","12","11","4"
"1077","2022-12-12","2022","12","12","4"
"1078","2022-12-13","2022","12","13","4"
"1079","2022-12-14","2022","12","14","4"
"1080","2022-12-15","2022","12","15","4"
"1081","2022-12-16","2022","12","16","4"
"1082","2022-12-17","2022","12","17","4"
"1083","2022-12-18","2022","12","18","4"
"1084","2022-12-19","2022","12","19","4"
"1085","2022-12-20","2022","12","20","4"
"1086","2022-12-21","2022","12","21","4"
"1087","2022-12-22","2022","12","22","4"
"1088","2022-12-23","2022","12","23","4"
"1089","2022-12-24","2022","12","24","4"
"1090","2022-12-25","2022","12","25","4"
"1091","2022-12-26","2022","12","26","4"
"1092","2022-12-27","2022","12","27","4"
"1093","2022-12-28","2022","12","28","4"
"1094","2022-12-29","2022","12","29","4"
"1095","2022-12-30","2022","12","30","4"
"1096","2022-12-31","2022","12","31","4"
"1097","2023-01-01","2023","1","1","1"
"1098","2023-01-02","2023","1","2","1"
"1099","2023-01-03","2023","1","3","1"
"1100","2023-01-04","2023","1","4","1"
"1101","2023-01-05","2023","1","5","1"
"1102","2023-01-06","2023","1","6","1"
"1103","2023-01-07","2023","1","7","1"
"1104","2023-01-08","2023","1","8","1"
"1105","2023-01-09","2023","1","9","1"
"1106","2023-01-10","2023","1","10","1"
"1107","2023-01-11","2023","1","11","1"
"1108","2023-01-12","2023","1","12","1"
"1109","2023-01-13","2023","1","13","1"
"1110","2023-01-14","2023","1","14","1"
"1111","2023-01-15","2023","1","15","1"
"1112","2023-01-16","2023","1","16","1"
"1113","2023-01-17","2023","1","17","1"
"1114","2023-01-18","2023","1","18","1"
"1115","2023-01-19","2023","1","19","1"
"1116","2023-01-20","2023","1","20","1"
"1117","2023-01-21","2023","1","21","1"
"1118","2023-01-22","2023","1","22","1"
"1119","2023-01-23","2023","1","23","1"
"1120","2023-01-24","2023","1","24","1"
"1121","2023-01-25","2023","1","25","1"
"1122","2023-01-26","2023","1","26","1"
"1123","2023-01-27","2023","1","27","1"
"1124","2023-01-28","2023","1","28","1"
"1125","2023-01-29","2023","1","29","1"
"1126","2023-01-30","2023","1","30","1"
"1127","2023-01-31","2023","1","31","1"
"1128","2023-02-01","2023","2","1","1"
"1129","2023-02-02","2023","2","2","1"
"1130","2023-02-03","2023","2","3","1"
"1131","2023-02-04","2023","2","4","1"
"1132","2023-02-05","2023","2","5","1"
"1133","2023-02-06","2023","2","6","1"
"1134","2023-02-07","2023","2","7","1"
"1135","2023-02-08","2023","2","8","1"
"1136","2023-02-09","2023","2","9","1"
"1137","2023-02-10","2023","2","10","1"
"1138","2023-02-11","2023","2","11","1"
"1139","2023-02-12","2023","2","12","1"
"1140","2023-02-13","2023","2","13","1"
"1141","2023-02-14","2023","2","14","1"
"1142","2023-02-15","2023","2","15","1"
"1143","2023-02-16","2023","2","16","1"
"1144","2023-02-17","2023","2","17","1"
"1145","2023-02-18","2023","2","18","1"
"1146","2023-02-19","2023","2","19","1"
"1147","2023-02-20","2023","2","20","1"
"1148","2023-02-21","2023","2","21","1"
"1149","2023-02-22","2023","2","22","1"
"1150","2023-02-23","2023","2","23","1"
"1151","2023-02-24","2023","2","24","1"
"1152","2023-02-25","2023","2","25","1"
"1153","2023-02-26","2023","2","26","1"
"1154","2023-02-27","2023","2","27","1"
"1155","2023-02-28","2023","2","28","1"
"1156","2023-03-01","2023","3","1","1"
"1157","2023-03-02","2023","3","2","1"
"1158","2023-03-03","2023","3","3","1"
"1159","2023-03-04","2023","3","4","1"
"1160","2023-03-05","2023","3","5","1"
"1161","2023-03-06","2023","3","6","1"
"1162","2023-03-07","2023","3","7","1"
"1163","2023-03-08","2023","3","8","1"
"1164","2023-03-09","2023","3","9","1"
"1165","2023-03-10","2023","3","10","1"
"1166","2023-03-11","2023","3","11","1"
"1167","2023-03-12","2023","3","12","1"
"1168","2023-03-13","2023","3","13","1"
"1169","2023-03-14","2023","3","14","1"
"1170","2023-03-15","2023","3","15","1"
"1171","2023-03-16","2023","3","16","1"
"1172","2023-03-17","2023","3","17","1"
"1173","2023-03-18","2023","3","18","1"
"1174","2023-03-19","2023","3","19","1"
"1175","2023-03-20","2023","3","20","1"
"1176","2023-03-21","2023","3","21","1"
"1177","2023-03-22","2023","3","22","1"
"1178","2023-03-23","2023","3","23","1"
"1179","2023-03-24","2023","3","24","1"
"1180","2023-03-25","2023","3","25","1"
"1181","2023-03-26","2023","3","26","1"
"1182","2023-03-27","2023","3","27","1"
"1183","2023-03-28","2023","3","28","1"
"1184","2023-03-29","2023","3","29","1"
"1185","2023-03-30","2023","3","30","1"
"1186","2023-03-31","2023","3","31","1"
"1187","2023-04-01","2023","4","1","2"
"1188","2023-04-02","2023","4","2","2"
"1189","2023-04-03","2023","4","3","2"
"1190","2023-04-04","2023","4","4","2"
"1191","2023-04-05","2023","4","5","2"
"1192","2023-04-06","2023","4","6","2"
"1193","2023-04-07","2023","4","7","2"
"1194","2023-04-08","2023","4","8","2"
"1195","2023-04-09","2023","4","9","2"
"1196","2023-04-10","2023","4","10","2"
"1197","2023-04-11","2023","4","11","2"
"1198","2023-04-12","2023","4","12","2"
"1199","2023-04-13","2023","4","13","2"
"1200","2023-04-14","2023","4","14","2"
"1201","2023-04-15","2023","4","15","2"
"1202","2023-04-16","2023","4","16","2"
"1203","2023-04-17","2023","4","17","2"
"1204","2023-04-18","2023","4","18","2"
"1205","2023-04-19","2023","4","19","2"
"1206","2023-04-20","2023","4","20","2"
"1207","2023-04-21","2023","4","21","2"
"1208","2023-04-22","2023","4","22","2"
"1209","2023-04-23","2023","4","23","2"
"1210","2023-04-24","2023","4","24","2"
"1211","2023-04-25","2023","4","25","2"
"1212","2023-04-26","2023","4","26","2"
"1213","2023-04-27","2023","4","27","2"
"1214","2023-04-28","2023","4","28","2"
"1215","2023-04-29","2023","4","29","2"
"1216","2023-04-30","2023","4","30","2"
"1217","2023-05-01","2023","5","1","2"
"1218","2023-05-02","2023","5","2","2"
"1219","2023-05-03","2023","5","3","2"
"1220","2023-05-04","2023","5","4","2"
"1221","2023-05-05","2023","5","5","2"
"1222","2023-05-06","2023","5","6","2"
"1223","2023-05-07","2023","5","7","2"
"1224","2023-05-08","2023","5","8","2"
"1225","2023-05-09","2023","5","9","2"
"1226","2023-05-10","2023","5","10","2"
"1227","2023-05-11","2023","5","11","2"
"1228","2023-05-12","2023","5","12","2"
"1229","2023-05-13","2023","5","13","2"
"1230","2023-05-14","2023","5","14","2"
"1231","2023-05-15","2023","5","15","2"
"1232","2023-05-16","2023","5","16","2"
"1233","2023-05-17","2023","5","17","2"
"1234","2023-05-18","2023","5","18","2"
"1235","2023-05-19","2023","5","19","2"
"1236","2023-05-20","2023","5","20","2"
"1237","2023-05-21","2023","5","21","2"
"1238","2023-05-22","2023","5","22","2"
"1239","2023-05-23","2023","5","23","2"
"1240","2023-05-24","2023","5","24","2"
"1241","2023-05-25","2023","5","25","2"
"1242","2023-05-26","2023","5","26","2"
"1243","2023-05-27","2023","5","27","2"
"1244","2023-05-28","2023","5","28","2"
"1245","2023-05-29","2023","5","29","2"
"1246","2023-05-30","2023","5","30","2"
"1247","2023-05-31","2023","5","31","2"
"1248","2023-06-01","2023","6","1","2"
"1249","2023-06-02","2023","6","2","2"
"1250","2023-06-03","2023","6","3","2"
"1251","2023-06-04","2023","6","4","2"
"1252","2023-06-05","2023","6","5","2"
"1253","2023-06-06","2023","6","6","2"
"1254","2023-06-07","2023","6","7","2"
"1255","2023-06-08","2023","6","8","2"
"1256","2023-06-09","2023","6","9","2"
"1257","2023-06-10","2023","6","10","2"
"1258","2023-06-11","2023","6","11","2"
"1259","2023-06-12","2023","6","12","2"
"1260","2023-06-13","2023","6","13","2"
"1261","2023-06-14","2023","6","14","2"
"1262","2023-06-15","2023","6","15","2"
"1263","2023-06-16","2023","6","16","2"
"1264","2023-06-17","2023","6","17","2"
"1265","2023-06-18","2023","6","18","2"
"1266","2023-06-19","2023","6","19","2"
"1267","2023-06-20","2023","6","20","2"
"1268","2023-06-21","2023","6","21","2"
"1269","2023-06-22","2023","6","22","2"
"1270","2023-06-23","2023","6","23","2"
"1271","2023-06-24","2023","6","24","2"
"1272","2023-06-25","2023","6","25","2"
"1273","2023-06-26","2023","6","26","2"
"1274","2023-06-27","2023","6","27","2"
"1275","2023-06-28","2023","6","28","2"
"1276","2023-06-29","2023","6","29","2"
"1277","2023-06-30","2023","6","30","2"
"1278","2023-07-01","2023","7","1","3"
"1279","2023-07-02","2023","7","2","3"
"1280","2023-07-03","2023","7","3","3"
"1281","2023-07-04","2023","7","4","3"
"1282","2023-07-05","2023","7","5","3"
"1283","2023-07-06","2023","7","6","3"
"1284","2023-07-07","2023","7","7","3"
"1285","2023-07-08","2023","7","8","3"
"1286","2023-07-09","2023","7","9","3"
"1287","2023-07-10","2023","7","10","3"
"1288","2023-07-11","2023","7","11","3"
"1289","2023-07-12","2023","7","12","3"
"1290","2023-07-13","2023","7","13","3"
"1291","2023-07-14","2023","7","14","3"
"1292","2023-07-15","2023","7","15","3"
"1293","2023-07-16","2023","7","16","3"
"1294","2023-07-17","2023","7","17","3"
"1295","2023-07-18","2023","7","18","3"
"1296","2023-07-19","2023","7","19","3"
"1297","2023-07-20","2023","7","20","3"
"1298","2023-07-21","2023","7","21","3"
"1299","2023-07-22","2023","7","22","3"
"1300","2023-07-23","2023","7","23","3"
"1301","2023-07-24","2023","7","24","3"
"1302","2023-07-25","2023","7","25","3"
"1303","2023-07-26","2023","7","26","3"
"1304","2023-07-27","2023","7","27","3"
"1305","2023-07-28","2023","7","28","3"
"1306","2023-07-29","2023","7","29","3"
"1307","2023-07-30","2023","7","30","3"
"1308","2023-07-31","2023","7","31","3"
"1309","2023-08-01","2023","8","1","3"
"1310","2023-08-02","2023","8","2","3"
"1311","2023-08-03","2023","8","3","3"
"1312","2023-08-04","2023","8","4","3"
"1313","2023-08-05","2023","8","5","3"
"1314","2023-08-06","2023","8","6","3"
"1315","2023-08-07","2023","8","7","3"
"1316","2023-08-08","2023","8","8","3"
"1317","2023-08-09","2023","8","9","3"
"1318","2023-08-10","2023","8","10","3"
"1319","2023-08-11","2023","8","11","3"
"1320","2023-08-12","2023","8","12","3"
"1321","2023-08-13","2023","8","13","3"
"1322","2023-08-14","2023","8","14","3"
"1323","2023-08-15","2023","8","15","3"
"1324","2023-08-16","2023","8","16","3"
"1325","2023-08-17","2023","8","17","3"
"1326","2023-08-18","2023","8","18","3"
"1327","2023-08-19","2023","8","19","3"
"1328","2023-08-20","2023","8","20","3"
"1329","2023-08-21","2023","8","21","3"
"1330","2023-08-22","2023","8","22","3"
"1331","2023-08-23","2023","8","23","3"
"1332","2023-08-24","2023","8","24","3"
"1333","2023-08-25","2023","8","25","3"
"1334","2023-08-26","2023","8","26","3"
"1335","2023-08-27","2023","8","27","3"
"1336","2023-08-28","2023","8","28","3"
"1337","2023-08-29","2023","8","29","3"
"1338","2023-08-30","2023","8","30","3"
"1339","2023-08-31","2023","8","31","3"
"1340","2023-09-01","2023","9","1","3"
"1341","2023-09-02","2023","9","2","3"
"1342","2023-09-03","2023","9","3","3"
"1343","2023-09-04","2023","9","4","3"
"1344","2023-09-05","2023","9","5","3"
"1345","2023-09-06","2023","9","6","3"
"1346","2023-09-07","2023","9","7","3"
"1347","2023-09-08","2023","9","8","3"
"1348","2023-09-09","2023","9","9","3"
"1349","2023-09-10","2023","9","10","3"
"1350","2023-09-11","2023","9","11","3"
"1351","2023-09-12","2023","9","12","3"
"1352","2023-09-13","2023","9","13","3"
"1353","2023-09-14","2023","9","14","3"
"1354","2023-09-15","2023","9","15","3"
"1355","2023-09-16","2023","9","16","3"
"1356","2023-09-17","2023","9","17","3"
"1357","2023-09-18","2023","9","18","3"
"1358","2023-09-19","2023","9","19","3"
"1359","2023-09-20","2023","9","20","3"
"1360","2023-09-21","2023","9","21","3"
"1361","2023-09-22","2023","9","22","3"
"1362","2023-09-23","2023","9","23","3"
"1363","2023-09-24","2023","9","24","3"
"1364","2023-09-25","2023","9","25","3"
"1365","2023-09-26","2023","9","26","3"
"1366","2023-09-27","2023","9","27","3"
"1367","2023-09-28","2023","9","28","3"
"1368","2023-09-29","2023","9","29","3"
"1369","2023-09-30","2023","9","30","3"
"1370","2023-10-01","2023","10","1","4"
"1371","2023-10-02","2023","10","2","4"
"1372","2023-10-03","2023","10","3","4"
"1373","2023-10-04","2023","10","4","4"
"1374","2023-10-05","2023","10","5","4"
"1375","2023-10-06","2023","10","6","4"
"1376","2023-10-07","2023","10","7","4"
"1377","2023-10-08","2023","10","8","4"
"1378","2023-10-09","2023","10","9","4"
"1379","2023-10-10","2023","10","10","4"
"1380","2023-10-11","2023","10","11","4"
"1381","2023-10-12","2023","10","12","4"
"1382","2023-10-13","2023","10","13","4"
"1383","2023-10-14","2023","10","14","4"
"1384","2023-10-15","2023","10","15","4"
"1385","2023-10-16","2023","10","16","4"
"1386","2023-10-17","2023","10","17","4"
"1387","2023-10-18","2023","10","18","4"
"1388","2023-10-19","2023","10","19","4"
"1389","2023-10-20","2023","10","20","4"
"1390","2023-10-21","2023","10","21","4"
"1391","2023-10-22","2023","10","22","4"
"1392","2023-10-23","2023","10","23","4"
"1393","2023-10-24","2023","10","24","4"
"1394","2023-10-25","2023","10","25","4"
"1395","2023-10-26","2023","10","26","4"
"1396","2023-10-27","2023","10","27","4"
"1397","2023-10-28","2023","10","28","4"
"1398","2023-10-29","2023","10","29","4"
"1399","2023-10-30","2023","10","30","4"
"1400","2023-10-31","2023","10","31","4"
"1401","2023-11-01","2023","11","1","4"
"1402","2023-11-02","2023","11","2","4"
"1403","2023-11-03","2023","11","3","4"
"1404","2023-11-04","2023","11","4","4"
"1405","2023-11-05","2023","11","5","4"
"1406","2023-11-06","2023","11","6","4"
"1407","2023-11-07","2023","11","7","4"
"1408","2023-11-08","2023","11","8","4"
"1409","2023-11-09","2023","11","9","4"
"1410","2023-11-10","2023","11","10","4"
"1411","2023-11-11","2023","11","11","4"
"1412","2023-11-12","2023","11","12","4"
"1413","2023-11-13","2023","11","13","4"
"1414","2023-11-14","2023","11","14","4"
"1415","2023-11-15","2023","11","15","4"
"1416","2023-11-16","2023","11","16","4"
"1417","2023-11-17","2023","11","17","4"
"1418","2023-11-18","2023","11","18","4"
"1419","2023-11-19","2023","11","19","4"
"1420","2023-11-20","2023","11","20","4"
"1421","2023-11-21","2023","11","21","4"
"1422","2023-11-22","2023","11","22","4"
"1423","2023-11-23","2023","11","23","4"
"1424","2023-11-24","2023","11","24","4"
"1425","2023-11-25","2023","11","25","4"
"1426","2023-11-26","2023","11","26","4"
"1427","2023-11-27","2023","11","27","4"
"1428","2023-11-28","2023","11","28","4"
"1429","2023-11-29","2023","11","29","4"
"1430","2023-11-30","2023","11","30","4"
"1431","2023-12-01","2023","12","1","4"
"1432","2023-12-02","2023","12","2","4"
"1433","2023-12-03","2023","12","3","4"
"1434","2023-12-04","2023","12","4","4"
"1435","2023-12-05","2023","12","5","4"
"1436","2023-12-06","2023","12","6","4"
"1437","2023-12-07","2023","12","7","4"
"1438","2023-12-08","2023","12","8","4"
"1439","2023-12-09","2023","12","9","4"
"1440","2023-12-10","2023","12","10","4"
"1441","2023-12-11","2023","12","11","4"
"1442","2023-12-12","2023","12","12","4"
"1443","2023-12-13","2023","12","13","4"
"1444","2023-12-14","2023","12","14","4"
"1445","2023-12-15","2023","12","15","4"
"1446","2023-12-16","2023","12","16","4"
"1447","2023-12-17","2023","12","17","4"
"1448","2023-12-18","2023","12","18","4"
"1449","2023-12-19","2023","12","19","4"
"1450","2023-12-20","2023","12","20","4"
"1451","2023-12-21","2023","12","21","4"
"1452","2023-12-22","2023","12","22","4"
"1453","2023-12-23","2023","12","23","4"
"1454","2023-12-24","2023","12","24","4"
"1455","2023-12-25","2023","12","25","4"
"1456","2023-12-26","2023","12","26","4"
"1457","2023-12-27","2023","12","27","4"
"1458","2023-12-28","2023","12","28","4"
"1459","2023-12-29","2023","12","29","4"
"1460","2023-12-30","2023","12","30","4"
"1461","2023-12-31","2023","12","31","4"
"1462","2024-01-01","2024","1","1","1"
"1463","2024-01-02","2024","1","2","1"
"1464","2024-01-03","2024","1","3","1"
"1465","2024-01-04","2024","1","4","1"
"1466","2024-01-05","2024","1","5","1"
"1467","2024-01-06","2024","1","6","1"
"1468","2024-01-07","2024","1","7","1"
"1469","2024-01-08","2024","1","8","1"
"1470","2024-01-09","2024","1","9","1"
"1471","2024-01-10","2024","1","10","1"
"1472","2024-01-11","2024","1","11","1"
"1473","2024-01-12","2024","1","12","1"
"1474","2024-01-13","2024","1","13","1"
"1475","2024-01-14","2024","1","14","1"
"1476","2024-01-15","2024","1","15","1"
"1477","2024-01-16","2024","1","16","1"
"1478","2024-01-17","2024","1","17","1"
"1479","2024-01-18","2024","1","18","1"
"1480","2024-01-19","2024","1","19","1"
"1481","2024-01-20","2024","1","20","1"
"1482","2024-01-21","2024","1","21","1"
"1483","2024-01-22","2024","1","22","1"
"1484","2024-01-23","2024","1","23","1"
"1485","2024-01-24","2024","1","24","1"
"1486","2024-01-25","2024","1","25","1"
"1487","2024-01-26","2024","1","26","1"
"1488","2024-01-27","2024","1","27","1"
"1489","2024-01-28","2024","1","28","1"
"1490","2024-01-29","2024","1","29","1"
"1491","2024-01-30","2024","1","30","1"
"1492","2024-01-31","2024","1","31","1"
"1493","2024-02-01","2024","2","1","1"
"1494","2024-02-02","2024","2","2","1"
"1495","2024-02-03","2024","2","3","1"
"1496","2024-02-04","2024","2","4","1"
"1497","2024-02-05","2024","2","5","1"
"1498","2024-02-06","2024","2","6","1"
"1499","2024-02-07","2024","2","7","1"
"1500","2024-02-08","2024","2","8","1"
"1501","2024-02-09","2024","2","9","1"
"1502","2024-02-10","2024","2","10","1"
"1503","2024-02-11","2024","2","11","1"
"1504","2024-02-12","2024","2","12","1"
"1505","2024-02-13","2024","2","13","1"
"1506","2024-02-14","2024","2","14","1"
"1507","2024-02-15","2024","2","15","1"
"1508","2024-02-16","2024","2","16","1"
"1509","2024-02-17","2024","2","17","1"
"1510","2024-02-18","2024","2","18","1"
"1511","2024-02-19","2024","2","19","1"
"1512","2024-02-20","2024","2","20","1"
"1513","2024-02-21","2024","2","21","1"
"1514","2024-02-22","2024","2","22","1"
"1515","2024-02-23","2024","2","23","1"
"1516","2024-02-24","2024","2","24","1"
"1517","2024-02-25","2024","2","25","1"
"1518","2024-02-26","2024","2","26","1"
"1519","2024-02-27","2024","2","27","1"
"1520","2024-02-28","2024","2","28","1"
"1521","2024-02-29","2024","2","29","1"
"1522","2024-03-01","2024","3","1","1"
"1523","2024-03-02","2024","3","2","1"
"1524","2024-03-03","2024","3","3","1"
"1525","2024-03-04","2024","3","4","1"
"1526","2024-03-05","2024","3","5","1"
"1527","2024-03-06","2024","3","6","1"
"1528","2024-03-07","2024","3","7","1"
"1529","2024-03-08","2024","3","8","1"
"1530","2024-03-09","2024","3","9","1"
"1531","2024-03-10","2024","3","10","1"
"1532","2024-03-11","2024","3","11","1"
"1533","2024-03-12","2024","3","12","1"
"1534","2024-03-13","2024","3","13","1"
"1535","2024-03-14","2024","3","14","1"
"1536","2024-03-15","2024","3","15","1"
"1537","2024-03-16","2024","3","16","1"
"1538","2024-03-17","2024","3","17","1"
"1539","2024-03-18","2024","3","18","1"
"1540","2024-03-19","2024","3","19","1"
"1541","2024-03-20","2024","3","20","1"
"1542","2024-03-21","2024","3","21","1"
"1543","2024-03-22","2024","3","22","1"
"1544","2024-03-23","2024","3","23","1"
"1545","2024-03-24","2024","3","24","1"
"1546","2024-03-25","2024","3","25","1"
"1547","2024-03-26","2024","3","26","1"
"1548","2024-03-27","2024","3","27","1"
"1549","2024-03-28","2024","3","28","1"
"1550","2024-03-29","2024","3","29","1"
"1551","2024-03-30","2024","3","30","1"
"1552","2024-03-31","2024","3","31","1"
"1553","2024-04-01","2024","4","1","2"
"1554","2024-04-02","2024","4","2","2"
"1555","2024-04-03","2024","4","3","2"
"1556","2024-04-04","2024","4","4","2"
"1557","2024-04-05","2024","4","5","2"
"1558","2024-04-06","2024","4","6","2"
"1559","2024-04-07","2024","4","7","2"
"1560","2024-04-08","2024","4","8","2"
"1561","2024-04-09","2024","4","9","2"
"1562","2024-04-10","2024","4","10","2"
"1563","2024-04-11","2024","4","11","2"
"1564","2024-04-12","2024","4","12","2"
"1565","2024-04-13","2024","4","13","2"
"1566","2024-04-14","2024","4","14","2"
"1567","2024-04-15","2024","4","15","2"
"1568","2024-04-16","2024","4","16","2"
"1569","2024-04-17","2024","4","17","2"
"1570","2024-04-18","2024","4","18","2"
"1571","2024-04-19","2024","4","19","2"
"1572","2024-04-20","2024","4","20","2"
"1573","2024-04-21","2024","4","21","2"
"1574","2024-04-22","2024","4","22","2"
"1575","2024-04-23","2024","4","23","2"
"1576","2024-04-24","2024","4","24","2"
"1577","2024-04-25","2024","4","25","2"
"1578","2024-04-26","2024","4","26","2"
"1579","2024-04-27","2024","4","27","2"
"1580","2024-04-28","2024","4","28","2"
"1581","2024-04-29","2024","4","29","2"
"1582","2024-04-30","2024","4","30","2"
"1583","2024-05-01","2024","5","1","2"
"1584","2024-05-02","2024","5","2","2"
"1585","2024-05-03","2024","5","3","2"
"1586","2024-05-04","2024","5","4","2"
"1587","2024-05-05","2024","5","5","2"
"1588","2024-05-06","2024","5","6","2"
"1589","2024-05-07","2024","5","7","2"
"1590","2024-05-08","2024","5","8","2"
"1591","2024-05-09","2024","5","9","2"
"1592","2024-05-10","2024","5","10","2"
"1593","2024-05-11","2024","5","11","2"
"1594","2024-05-12","2024","5","12","2"
"1595","2024-05-13","2024","5","13","2"
"1596","2024-05-14","2024","5","14","2"
"1597","2024-05-15","2024","5","15","2"
"1598","2024-05-16","2024","5","16","2"
"1599","2024-05-17","2024","5","17","2"
"1600","2024-05-18","2024","5","18","2"
"1601","2024-05-19","2024","5","19","2"
"1602","2024-05-20","2024","5","20","2"
"1603","2024-05-21","2024","5","21","2"
"1604","2024-05-22","2024","5","22","2"
"1605","2024-05-23","2024","5","23","2"
"1606","2024-05-24","2024","5","24","2"
"1607","2024-05-25","2024","5","25","2"
"1608","2024-05-26","2024","5","26","2"
"1609","2024-05-27","2024","5","27","2"
"1610","2024-05-28","2024","5","28","2"
"1611","2024-05-29","2024","5","29","2"
"1612","2024-05-30","2024","5","30","2"
"1613","2024-05-31","2024","5","31","2"
"1614","2024-06-01","2024","6","1","2"
"1615","2024-06-02","2024","6","2","2"
"1616","2024-06-03","2024","6","3","2"
"1617","2024-06-04","2024","6","4","2"
"1618","2024-06-05","2024","6","5","2"
"1619","2024-06-06","2024","6","6","2"
"1620","2024-06-07","2024","6","7","2"
"1621","2024-06-08","2024","6","8","2"
"1622","2024-06-09","2024","6","9","2"
"1623","2024-06-10","2024","6","10","2"
"1624","2024-06-11","2024","6","11","2"
"1625","2024-06-12","2024","6","12","2"
"1626","2024-06-13","2024","6","13","2"
"1627","2024-06-14","2024","6","14","2"
"1628","2024-06-15","2024","6","15","2"
"1629","2024-06-16","2024","6","16","2"
"1630","2024-06-17","2024","6","17","2"
"1631","2024-06-18","2024","6","18","2"
"1632","2024-06-19","2024","6","19","2"
"1633","2024-06-20","2024","6","20","2"
"1634","2024-06-21","2024","6","21","2"
"1635","2024-06-22","2024","6","22","2"
"1636","2024-06-23","2024","6","23","2"
"1637","2024-06-24","2024","6","24","2"
"1638","2024-06-25","2024","6","25","2"
"1639","2024-06-26","2024","6","26","2"
"1640","2024-06-27","2024","6","27","2"
"1641","2024-06-28","2024","6","28","2"
"1642","2024-06-29","2024","6","29","2"
"1643","2024-06-30","2024","6","30","2"
"1644","2024-07-01","2024","7","1","3"
"1645","2024-07-02","2024","7","2","3"
"1646","2024-07-03","2024","7","3","3"
"1647","2024-07-04","2024","7","4","3"
"1648","2024-07-05","2024","7","5","3"
"1649","2024-07-06","2024","7","6","3"
"1650","2024-07-07","2024","7","7","3"
"1651","2024-07-08","2024","7","8","3"
"1652","2024-07-09","2024","7","9","3"
"1653","2024-07-10","2024","7","10","3"
"1654","2024-07-11","2024","7","11","3"
"1655","2024-07-12","2024","7","12","3"
"1656","2024-07-13","2024","7","13","3"
"1657","2024-07-14","2024","7","14","3"
"1658","2024-07-15","2024","7","15","3"
"1659","2024-07-16","2024","7","16","3"
"1660","2024-07-17","2024","7","17","3"
"1661","2024-07-18","2024","7","18","3"
"1662","2024-07-19","2024","7","19","3"
"1663","2024-07-20","2024","7","20","3"
"1664","2024-07-21","2024","7","21","3"
"1665","2024-07-22","2024","7","22","3"
"1666","2024-07-23","2024","7","23","3"
"1667","2024-07-24","2024","7","24","3"
"1668","2024-07-25","2024","7","25","3"
"1669","2024-07-26","2024","7","26","3"
"1670","2024-07-27","2024","7","27","3"
"1671","2024-07-28","2024","7","28","3"
"1672","2024-07-29","2024","7","29","3"
"1673","2024-07-30","2024","7","30","3"
"1674","2024-07-31","2024","7","31","3"
"1675","2024-08-01","2024","8","1","3"
"1676","2024-08-02","2024","8","2","3"
"1677","2024-08-03","2024","8","3","3"
"1678","2024-08-04","2024","8","4","3"
"1679","2024-08-05","2024","8","5","3"
"1680","2024-08-06","2024","8","6","3"
"1681","2024-08-07","2024","8","7","3"
"1682","2024-08-08","2024","8","8","3"
"1683","2024-08-09","2024","8","9","3"
"1684","2024-08-10","2024","8","10","3"
"1685","2024-08-11","2024","8","11","3"
"1686","2024-08-12","2024","8","12","3"
"1687","2024-08-13","2024","8","13","3"
"1688","2024-08-14","2024","8","14","3"
"1689","2024-08-15","2024","8","15","3"
"1690","2024-08-16","2024","8","16","3"
"1691","2024-08-17","2024","8","17","3"
"1692","2024-08-18","2024","8","18","3"
"1693","2024-08-19","2024","8","19","3"
"1694","2024-08-20","2024","8","20","3"
"1695","2024-08-21","2024","8","21","3"
"1696","2024-08-22","2024","8","22","3"
"1697","2024-08-23","2024","8","23","3"
"1698","2024-08-24","2024","8","24","3"
"1699","2024-08-25","2024","8","25","3"
"1700","2024-08-26","2024","8","26","3"
"1701","2024-08-27","2024","8","27","3"
"1702","2024-08-28","2024","8","28","3"
"1703","2024-08-29","2024","8","29","3"
"1704","2024-08-30","2024","8","30","3"
"1705","2024-08-31","2024","8","31","3"
"1706","2024-09-01","2024","9","1","3"
"1707","2024-09-02","2024","9","2","3"
"1708","2024-09-03","2024","9","3","3"
"1709","2024-09-04","2024","9","4","3"
"1710","2024-09-05","2024","9","5","3"
"1711","2024-09-06","2024","9","6","3"
"1712","2024-09-07","2024","9","7","3"
"1713","2024-09-08","2024","9","8","3"
"1714","2024-09-09","2024","9","9","3"
"1715","2024-09-10","2024","9","10","3"
"1716","2024-09-11","2024","9","11","3"
"1717","2024-09-12","2024","9","12","3"
"1718","2024-09-13","2024","9","13","3"
"1719","2024-09-14","2024","9","14","3"
"1720","2024-09-15","2024","9","15","3"
"1721","2024-09-16","2024","9","16","3"
"1722","2024-09-17","2024","9","17","3"
"1723","2024-09-18","2024","9","18","3"
"1724","2024-09-19","2024","9","19","3"
"1725","2024-09-20","2024","9","20","3"
"1726","2024-09-21","2024","9","21","3"
"1727","2024-09-22","2024","9","22","3"
"1728","2024-09-23","2024","9","23","3"
"1729","2024-09-24","2024","9","24","3"
"1730","2024-09-25","2024","9","25","3"
"1731","2024-09-26","2024","9","26","3"
"1732","2024-09-27","2024","9","27","3"
"1733","2024-09-28","2024","9","28","3"
"1734","2024-09-29","2024","9","29","3"
"1735","2024-09-30","2024","9","30","3"
"1736","2024-10-01","2024","10","1","4"
"1737","2024-10-02","2024","10","2","4"
"1738","2024-10-03","2024","10","3","4"
"1739","2024-10-04","2024","10","4","4"
"1740","2024-10-05","2024","10","5","4"
"1741","2024-10-06","2024","10","6","4"
"1742","2024-10-07","2024","10","7","4"
"1743","2024-10-08","2024","10","8","4"
"1744","2024-10-09","2024","10","9","4"
"1745","2024-10-10","2024","10","10","4"
"1746","2024-10-11","2024","10","11","4"
"1747","2024-10-12","2024","10","12","4"
"1748","2024-10-13","2024","10","13","4"
"1749","2024-10-14","2024","10","14","4"
"1750","2024-10-15","2024","10","15","4"
"1751","2024-10-16","2024","10","16","4"
"1752","2024-10-17","2024","10","17","4"
"1753","2024-10-18","2024","10","18","4"
"1754","2024-10-19","2024","10","19","4"
"1755","2024-10-20","2024","10","20","4"
"1756","2024-10-21","2024","10","21","4"
"1757","2024-10-22","2024","10","22","4"
"1758","2024-10-23","2024","10","23","4"
"1759","2024-10-24","2024","10","24","4"
"1760","2024-10-25","2024","10","25","4"
"1761","2024-10-26","2024","10","26","4"
"1762","2024-10-27","2024","10","27","4"
"1763","2024-10-28","2024","10","28","4"
"1764","2024-10-29","2024","10","29","4"
"1765","2024-10-30","2024","10","30","4"
"1766","2024-10-31","2024","10","31","4"
"1767","2024-11-01","2024","11","1","4"
"1768","2024-11-02","2024","11","2","4"
"1769","2024-11-03","2024","11","3","4"
"1770","2024-11-04","2024","11","4","4"
"1771","2024-11-05","2024","11","5","4"
"1772","2024-11-06","2024","11","6","4"
"1773","2024-11-07","2024","11","7","4"
"1774","2024-11-08","2024","11","8","4"
"1775","2024-11-09","2024","11","9","4"
"1776","2024-11-10","2024","11","10","4"
"1777","2024-11-11","2024","11","11","4"
"1778","2024-11-12","2024","11","12","4"
"1779","2024-11-13","2024","11","13","4"
"1780","2024-11-14","2024","11","14","4"
"1781","2024-11-15","2024","11","15","4"
"1782","2024-11-16","2024","11","16","4"
"1783","2024-11-17","2024","11","17","4"
"1784","2024-11-18","2024","11","18","4"
"1785","2024-11-19","2024","11","19","4"
"1786","2024-11-20","2024","11","20","4"
"1787","2024-11-21","2024","11","21","4"
"1788","2024-11-22","2024","11","22","4"
"1789","2024-11-23","2024","11","23","4"
"1790","2024-11-24","2024","11","24","4"
"1791","2024-11-25","2024","11","25","4"
"1792","2024-11-26","2024","11","26","4"
"1793","2024-11-27","2024","11","27","4"
"1794","2024-11-28","2024","11","28","4"
"1795","2024-11-29","2024","11","29","4"
"1796","2024-11-30","2024","11","30","4"
"1797","2024-12-01","2024","12","1","4"
"1798","2024-12-02","2024","12","2","4"
"1799","2024-12-03","2024","12","3","4"
"1800","2024-12-04","2024","12","4","4"
"1801","2024-12-05","2024","12","5","4"
"1802","2024-12-06","2024","12","6","4"
"1803","2024-12-07","2024","12","7","4"
"1804","2024-12-08","2024","12","8","4"
"1805","2024-12-09","2024","12","9","4"
"1806","2024-12-10","2024","12","10","4"
"1807","2024-12-11","2024","12","11","4"
"1808","2024-12-12","2024","12","12","4"
"1809","2024-12-13","2024","12","13","4"
"1810","2024-12-14","2024","12","14","4"
"1811","2024-12-15","2024","12","15","4"
"1812","2024-12-16","2024","12","16","4"
"1813","2024-12-17","2024","12","17","4"
"1814","2024-12-18","2024","12","18","4"
"1815","2024-12-19","2024","12","19","4"
"1816","2024-12-20","2024","12","20","4"
"1817","2024-12-21","2024","12","21","4"
"1818","2024-12-22","2024","12","22","4"
"1819","2024-12-23","2024","12","23","4"
"1820","2024-12-24","2024","12","24","4"
"1821","2024-12-25","2024","12","25","4"
"1822","2024-12-26","2024","12","26","4"
"1823","2024-12-27","2024","12","27","4"
"1824","2024-12-28","2024","12","28","4"
"1825","2024-12-29","2024","12","29","4"
"1826","2024-12-30","2024","12","30","4"
"1827","2024-12-31","2024","12","31","4"
"1828","2025-01-01","2025","1","1","1"
"1829","2025-01-02","2025","1","2","1"
"1830","2025-01-03","2025","1","3","1"
"1831","2025-01-04","2025","1","4","1"
"1832","2025-01-05","2025","1","5","1"
"1833","2025-01-06","2025","1","6","1"
"1834","2025-01-07","2025","1","7","1"
"1835","2025-01-08","2025","1","8","1"
"1836","2025-01-09","2025","1","9","1"
"1837","2025-01-10","2025","1","10","1"
"1838","2025-01-11","2025","1","11","1"
"1839","2025-01-12","2025","1","12","1"
"1840","2025-01-13","2025","1","13","1"
"1841","2025-01-14","2025","1","14","1"
"1842","2025-01-15","2025","1","15","1"
"1843","2025-01-16","2025","1","16","1"
"1844","2025-01-17","2025","1","17","1"
"1845","2025-01-18","2025","1","18","1"
"1846","2025-01-19","2025","1","19","1"
"1847","2025-01-20","2025","1","20","1"
"1848","2025-01-21","2025","1","21","1"
"1849","2025-01-22","2025","1","22","1"
"1850","2025-01-23","2025","1","23","1"
"1851","2025-01-24","2025","1","24","1"
"1852","2025-01-25","2025","1","25","1"
"1853","2025-01-26","2025","1","26","1"
"1854","2025-01-27","2025","1","27","1"
"1855","2025-01-28","2025","1","28","1"
"1856","2025-01-29","2025","1","29","1"
"1857","2025-01-30","2025","1","30","1"
"1858","2025-01-31","2025","1","31","1"
"1859","2025-02-01","2025","2","1","1"
"1860","2025-02-02","2025","2","2","1"
"1861","2025-02-03","2025","2","3","1"
"1862","2025-02-04","2025","2","4","1"
"1863","2025-02-05","2025","2","5","1"
"1864","2025-02-06","2025","2","6","1"
"1865","2025-02-07","2025","2","7","1"
"1866","2025-02-08","2025","2","8","1"
"1867","2025-02-09","2025","2","9","1"
"1868","2025-02-10","2025","2","10","1"
"1869","2025-02-11","2025","2","11","1"
"1870","2025-02-12","2025","2","12","1"
"1871","2025-02-13","2025","2","13","1"
"1872","2025-02-14","2025","2","14","1"
"1873","2025-02-15","2025","2","15","1"
"1874","2025-02-16","2025","2","16","1"
"1875","2025-02-17","2025","2","17","1"
"1876","2025-02-18","2025","2","18","1"
"1877","2025-02-19","2025","2","19","1"
"1878","2025-02-20","2025","2","20","1"
"1879","2025-02-21","2025","2","21","1"
"1880","2025-02-22","2025","2","22","1"
"1881","2025-02-23","2025","2","23","1"
"1882","2025-02-24","2025","2","24","1"
"1883","2025-02-25","2025","2","25","1"
"1884","2025-02-26","2025","2","26","1"
"1885","2025-02-27","2025","2","27","1"
"1886","2025-02-28","2025","2","28","1"
"1887","2025-03-01","2025","3","1","1"
"1888","2025-03-02","2025","3","2","1"
"1889","2025-03-03","2025","3","3","1"
"1890","2025-03-04","2025","3","4","1"
"1891","2025-03-05","2025","3","5","1"
"1892","2025-03-06","2025","3","6","1"
"1893","2025-03-07","2025","3","7","1"
"1894","2025-03-08","2025","3","8","1"
"1895","2025-03-09","2025","3","9","1"
"1896","2025-03-10","2025","3","10","1"
"1897","2025-03-11","2025","3","11","1"
"1898","2025-03-12","2025","3","12","1"
"1899","2025-03-13","2025","3","13","1"
"1900","2025-03-14","2025","3","14","1"
"1901","2025-03-15","2025","3","15","1"
"1902","2025-03-16","2025","3","16","1"
"1903","2025-03-17","2025","3","17","1"
"1904","2025-03-18","2025","3","18","1"
"1905","2025-03-19","2025","3","19","1"
"1906","2025-03-20","2025","3","20","1"
"1907","2025-03-21","2025","3","21","1"
"1908","2025-03-22","2025","3","22","1"
"1909","2025-03-23","2025","3","23","1"
"1910","2025-03-24","2025","3","24","1"
"1911","2025-03-25","2025","3","25","1"
"1912","2025-03-26","2025","3","26","1"
"1913","2025-03-27","2025","3","27","1"
"1914","2025-03-28","2025","3","28","1"
"1915","2025-03-29","2025","3","29","1"
"1916","2025-03-30","2025","3","30","1"
"1917","2025-03-31","2025","3","31","1"
"1918","2025-04-01","2025","4","1","2"
"1919","2025-04-02","2025","4","2","2"
"1920","2025-04-03","2025","4","3","2"
"1921","2025-04-04","2025","4","4","2"
"1922","2025-04-05","2025","4","5","2"
"1923","2025-04-06","2025","4","6","2"
"1924","2025-04-07","2025","4","7","2"
"1925","2025-04-08","2025","4","8","2"
"1926","2025-04-09","2025","4","9","2"
"1927","2025-04-10","2025","4","10","2"
"1928","2025-04-11","2025","4","11","2"
"1929","2025-04-12","2025","4","12","2"
"1930","2025-04-13","2025","4","13","2"
"1931","2025-04-14","2025","4","14","2"
"1932","2025-04-15","2025","4","15","2"
"1933","2025-04-16","2025","4","16","2"
"1934","2025-04-17","2025","4","17","2"
"1935","2025-04-18","2025","4","18","2"
"1936","2025-04-19","2025","4","19","2"
"1937","2025-04-20","2025","4","20","2"
"1938","2025-04-21","2025","4","21","2"
"1939","2025-04-22","2025","4","22","2"
"1940","2025-04-23","2025","4","23","2"
"1941","2025-04-24","2025","4","24","2"
"1942","2025-04-25","2025","4","25","2"
"1943","2025-04-26","2025","4","26","2"
"1944","2025-04-27","2025","4","27","2"
"1945","2025-04-28","2025","4","28","2"
"1946","2025-04-29","2025","4","29","2"
"1947","2025-04-30","2025","4","30","2"
"1948","2025-05-01","2025","5","1","2"
"1949","2025-05-02","2025","5","2","2"
"1950","2025-05-03","2025","5","3","2"
"1951","2025-05-04","2025","5","4","2"
"1952","2025-05-05","2025","5","5","2"
"1953","2025-05-06","2025","5","6","2"
"1954","2025-05-07","2025","5","7","2"
"1955","2025-05-08","2025","5","8","2"
"1956","2025-05-09","2025","5","9","2"
"1957","2025-05-10","2025","5","10","2"
"1958","2025-05-11","2025","5","11","2"
"1959","2025-05-12","2025","5","12","2"
"1960","2025-05-13","2025","5","13","2"
"1961","2025-05-14","2025","5","14","2"
"1962","2025-05-15","2025","5","15","2"
"1963","2025-05-16","2025","5","16","2"
"1964","2025-05-17","2025","5","17","2"
"1965","2025-05-18","2025","5","18","2"
"1966","2025-05-19","2025","5","19","2"
"1967","2025-05-20","2025","5","20","2"
"1968","2025-05-21","2025","5","21","2"
"1969","2025-05-22","2025","5","22","2"
"1970","2025-05-23","2025","5","23","2"
"1971","2025-05-24","2025","5","24","2"
"1972","2025-05-25","2025","5","25","2"
"1973","2025-05-26","2025","5","26","2"
"1974","2025-05-27","2025","5","27","2"
"1975","2025-05-28","2025","5","28","2"
"1976","2025-05-29","2025","5","29","2"
"1977","2025-05-30","2025","5","30","2"
"1978","2025-05-31","2025","5","31","2"
"1979","2025-06-01","2025","6","1","2"
"1980","2025-06-02","2025","6","2","2"
"1981","2025-06-03","2025","6","3","2"
"1982","2025-06-04","2025","6","4","2"
"1983","2025-06-05","2025","6","5","2"
"1984","2025-06-06","2025","6","6","2"
"1985","2025-06-07","2025","6","7","2"
"1986","2025-06-08","2025","6","8","2"
"1987","2025-06-09","2025","6","9","2"
"1988","2025-06-10","2025","6","10","2"
"1989","2025-06-11","2025","6","11","2"
"1990","2025-06-12","2025","6","12","2"
"1991","2025-06-13","2025","6","13","2"
"1992","2025-06-14","2025","6","14","2"
"1993","2025-06-15","2025","6","15","2"
"1994","2025-06-16","2025","6","16","2"
"1995","2025-06-17","2025","6","17","2"
"1996","2025-06-18","2025","6","18","2"
"1997","2025-06-19","2025","6","19","2"
"1998","2025-06-20","2025","6","20","2"
"1999","2025-06-21","2025","6","21","2"
"2000","2025-06-22","2025","6","22","2"
"2001","2025-06-23","2025","6","23","2"
"2002","2025-06-24","2025","6","24","2"
"2003","2025-06-25","2025","6","25","2"
"2004","2025-06-26","2025","6","26","2"
"2005","2025-06-27","2025","6","27","2"
"2006","2025-06-28","2025","6","28","2"
"2007","2025-06-29","2025","6","29","2"
"2008","2025-06-30","2025","6","30","2"
"2009","2025-07-01","2025","7","1","3"
"2010","2025-07-02","2025","7","2","3"
"2011","2025-07-03","2025","7","3","3"
"2012","2025-07-04","2025","7","4","3"
"2013","2025-07-05","2025","7","5","3"
"2014","2025-07-06","2025","7","6","3"
"2015","2025-07-07","2025","7","7","3"
"2016","2025-07-08","2025","7","8","3"
"2017","2025-07-09","2025","7","9","3"
"2018","2025-07-10","2025","7","10","3"
"2019","2025-07-11","2025","7","11","3"
"2020","2025-07-12","2025","7","12","3"
"2021","2025-07-13","2025","7","13","3"
"2022","2025-07-14","2025","7","14","3"
"2023","2025-07-15","2025","7","15","3"
"2024","2025-07-16","2025","7","16","3"
"2025","2025-07-17","2025","7","17","3"
"2026","2025-07-18","2025","7","18","3"
"2027","2025-07-19","2025","7","19","3"
"2028","2025-07-20","2025","7","20","3"
"2029","2025-07-21","2025","7","21","3"
"2030","2025-07-22","2025","7","22","3"
"2031","2025-07-23","2025","7","23","3"
"2032","2025-07-24","2025","7","24","3"
"2033","2025-07-25","2025","7","25","3"
"2034","2025-07-26","2025","7","26","3"
"2035","2025-07-27","2025","7","27","3"
"2036","2025-07-28","2025","7","28","3"
"2037","2025-07-29","2025","7","29","3"
"2038","2025-07-30","2025","7","30","3"
"2039","2025-07-31","2025","7","31","3"
"2040","2025-08-01","2025","8","1","3"
"2041","2025-08-02","2025","8","2","3"
"2042","2025-08-03","2025","8","3","3"
"2043","2025-08-04","2025","8","4","3"
"2044","2025-08-05","2025","8","5","3"
"2045","2025-08-06","2025","8","6","3"
"2046","2025-08-07","2025","8","7","3"
"2047","2025-08-08","2025","8","8","3"
"2048","2025-08-09","2025","8","9","3"
"2049","2025-08-10","2025","8","10","3"
"2050","2025-08-11","2025","8","11","3"
"2051","2025-08-12","2025","8","12","3"
"2052","2025-08-13","2025","8","13","3"
"2053","2025-08-14","2025","8","14","3"
"2054","2025-08-15","2025","8","15","3"
"2055","2025-08-16","2025","8","16","3"
"2056","2025-08-17","2025","8","17","3"
"2057","2025-08-18","2025","8","18","3"
"2058","2025-08-19","2025","8","19","3"
"2059","2025-08-20","2025","8","20","3"
"2060","2025-08-21","2025","8","21","3"
"2061","2025-08-22","2025","8","22","3"
"2062","2025-08-23","2025","8","23","3"
"2063","2025-08-24","2025","8","24","3"
"2064","2025-08-25","2025","8","25","3"
"2065","2025-08-26","2025","8","26","3"
"2066","2025-08-27","2025","8","27","3"
"2067","2025-08-28","2025","8","28","3"
"2068","2025-08-29","2025","8","29","3"
"2069","2025-08-30","2025","8","30","3"
"2070","2025-08-31","2025","8","31","3"
"2071","2025-09-01","2025","9","1","3"
"2072","2025-09-02","2025","9","2","3"
"2073","2025-09-03","2025","9","3","3"
"2074","2025-09-04","2025","9","4","3"
"2075","2025-09-05","2025","9","5","3"
"2076","2025-09-06","2025","9","6","3"
"2077","2025-09-07","2025","9","7","3"
"2078","2025-09-08","2025","9","8","3"
"2079","2025-09-09","2025","9","9","3"
"2080","2025-09-10","2025","9","10","3"
"2081","2025-09-11","2025","9","11","3"
"2082","2025-09-12","2025","9","12","3"
"2083","2025-09-13","2025","9","13","3"
"2084","2025-09-14","2025","9","14","3"
"2085","2025-09-15","2025","9","15","3"
"2086","2025-09-16","2025","9","16","3"
"2087","2025-09-17","2025","9","17","3"
"2088","2025-09-18","2025","9","18","3"
"2089","2025-09-19","2025","9","19","3"
"2090","2025-09-20","2025","9","20","3"
"2091","2025-09-21","2025","9","21","3"
"2092","2025-09-22","2025","9","22","3"
"2093","2025-09-23","2025","9","23","3"
"2094","2025-09-24","2025","9","24","3"
"2095","2025-09-25","2025","9","25","3"
"2096","2025-09-26","2025","9","26","3"
"2097","2025-09-27","2025","9","27","3"
"2098","2025-09-28","2025","9","28","3"
"2099","2025-09-29","2025","9","29","3"
"2100","2025-09-30","2025","9","30","3"
"2101","2025-10-01","2025","10","1","4"
"2102","2025-10-02","2025","10","2","4"
"2103","2025-10-03","2025","10","3","4"
"2104","2025-10-04","2025","10","4","4"
"2105","2025-10-05","2025","10","5","4"
"2106","2025-10-06","2025","10","6","4"
"2107","2025-10-07","2025","10","7","4"
"2108","2025-10-08","2025","10","8","4"
"2109","2025-10-09","2025","10","9","4"
"2110","2025-10-10","2025","10","10","4"
"2111","2025-10-11","2025","10","11","4"
"2112","2025-10-12","2025","10","12","4"
"2113","2025-10-13","2025","10","13","4"
"2114","2025-10-14","2025","10","14","4"
"2115","2025-10-15","2025","10","15","4"
"2116","2025-10-16","2025","10","16","4"
"2117","2025-10-17","2025","10","17","4"
"2118","2025-10-18","2025","10","18","4"
"2119","2025-10-19","2025","10","19","4"
"2120","2025-10-20","2025","10","20","4"
"2121","2025-10-21","2025","10","21","4"
"2122","2025-10-22","2025","10","22","4"
"2123","2025-10-23","2025","10","23","4"
"2124","2025-10-24","2025","10","24","4"
"2125","2025-10-25","2025","10","25","4"
"2126","2025-10-26","2025","10","26","4"
"2127","2025-10-27","2025","10","27","4"
"2128","2025-10-28","2025","10","28","4"
"2129","2025-10-29","2025","10","29","4"
"2130","2025-10-30","2025","10","30","4"
"2131","2025-10-31","2025","10","31","4"
"2132","2025-11-01","2025","11","1","4"
"2133","2025-11-02","2025","11","2","4"
"2134","2025-11-03","2025","11","3","4"
"2135","2025-11-04","2025","11","4","4"
"2136","2025-11-05","2025","11","5","4"
"2137","2025-11-06","2025","11","6","4"
"2138","2025-11-07","2025","11","7","4"
"2139","2025-11-08","2025","11","8","4"
"2140","2025-11-09","2025","11","9","4"
"2141","2025-11-10","2025","11","10","4"
"2142","2025-11-11","2025","11","11","4"
"2143","2025-11-12","2025","11","12","4"
"2144","2025-11-13","2025","11","13","4"
"2145","2025-11-14","2025","11","14","4"
"2146","2025-11-15","2025","11","15","4"
"2147","2025-11-16","2025","11","16","4"
"2148","2025-11-17","2025","11","17","4"
"2149","2025-11-18","2025","11","18","4"
"2150","2025-11-19","2025","11","19","4"
"2151","2025-11-20","2025","11","20","4"
"2152","2025-11-21","2025","11","21","4"
"2153","2025-11-22","2025","11","22","4"
"2154","2025-11-23","2025","11","23","4"
"2155","2025-11-24","2025","11","24","4"
"2156","2025-11-25","2025","11","25","4"
"2157","2025-11-26","2025","11","26","4"
"2158","2025-11-27","2025","11","27","4"
"2159","2025-11-28","2025","11","28","4"
"2160","2025-11-29","2025","11","29","4"
"2161","2025-11-30","2025","11","30","4"
"2162","2025-12-01","2025","12","1","4"
"2163","2025-12-02","2025","12","2","4"
"2164","2025-12-03","2025","12","3","4"
"2165","2025-12-04","2025","12","4","4"
"2166","2025-12-05","2025","12","5","4"
"2167","2025-12-06","2025","12","6","4"
"2168","2025-12-07","2025","12","7","4"
"2169","2025-12-08","2025","12","8","4"
"2170","2025-12-09","2025","12","9","4"
"2171","2025-12-10","2025","12","10","4"
"2172","2025-12-11","2025","12","11","4"
"2173","2025-12-12","2025","12","12","4"
"2174","2025-12-13","2025","12","13","4"
"2175","2025-12-14","2025","12","14","4"
"2176","2025-12-15","2025","12","15","4"
"2177","2025-12-16","2025","12","16","4"
"2178","2025-12-17","2025","12","17","4"
"2179","2025-12-18","2025","12","18","4"
"2180","2025-12-19","2025","12","19","4"
"2181","2025-12-20","2025","12","20","4"
"2182","2025-12-21","2025","12","21","4"
"2183","2025-12-22","2025","12","22","4"
"2184","2025-12-23","2025","12","23","4"
"2185","2025-12-24","2025","12","24","4"
"2186","2025-12-25","2025","12","25","4"
"2187","2025-12-26","2025","12","26","4"
"2188","2025-12-27","2025","12","27","4"
"2189","2025-12-28","2025","12","28","4"
"2190","2025-12-29","2025","12","29","4"
"2191","2025-12-30","2025","12","30","4"
"2192","2025-12-31","2025","12","31","4"
